id,iso3,country_en,country_zh,region_en,region_zh,Type,local_id1,hasc1
1,ARG,Argentina,阿根廷,Buenos Aires,布宜诺斯艾利斯省,Province,,AR.BA
2,ARG,Argentina,阿根廷,Catamarca,卡塔马卡省,Province,,AR.CT
3,ARG,Argentina,阿根廷,Chaco,查科省,Province,,AR.CC
4,ARG,Argentina,阿根廷,Chubut,丘布特省,Province,,AR.CH
5,ARG,Argentina,阿根廷,Ciudad de Buenos Aires,布宜诺斯艾利斯市,Federal District,,AR.DF
6,ARG,Argentina,阿根廷,Cordoba,科尔多瓦省,Province,,AR.CB
7,ARG,Argentina,阿根廷,Corrientes,科连特斯省,Province,,AR.CN
8,ARG,Argentina,阿根廷,Entre Rios,恩特雷里奥斯省,Province,,AR.ER
9,ARG,Argentina,阿根廷,Formosa,福莫萨省,Province,,AR.FM
10,ARG,Argentina,阿根廷,Jujuy,胡胡伊省,Province,,AR.JY
11,ARG,Argentina,阿根廷,La Pampa,拉潘帕省,Province,,AR.LP
12,ARG,Argentina,阿根廷,La Rioja,拉里奥哈省,Province,,AR.LR
13,ARG,Argentina,阿根廷,Mendoza,门多萨省,Province,,AR.MZ
14,ARG,Argentina,阿根廷,Misiones,米西奥内斯省,Province,,AR.MN
15,ARG,Argentina,阿根廷,Neuquen,内乌肯省,Province,,AR.NQ
16,ARG,Argentina,阿根廷,Rio Negro,内格罗河省,Province,,AR.RN
17,ARG,Argentina,阿根廷,Salta,萨尔塔省,Province,,AR.SA
18,ARG,Argentina,阿根廷,San Juan,圣胡安省,Province,,AR.SJ
19,ARG,Argentina,阿根廷,San Luis,圣路易斯省,Province,,AR.SL
20,ARG,Argentina,阿根廷,Santa Cruz,圣克鲁斯省,Province,,AR.SC
21,ARG,Argentina,阿根廷,Santa Fe,圣菲省,Province,,AR.SF
22,ARG,Argentina,阿根廷,Santiago del Estero,圣地亚哥-德尔埃斯特罗省,Province,,AR.SE
23,ARG,Argentina,阿根廷,Tierra del Fuego,火地省,National Territory,,AR.TF
24,ARG,Argentina,阿根廷,Tucuman,图库曼省,Province,,AR.TM
25,AUS,Australia,澳大利亚,Australian Capital Territory,澳大利亚首都领地,Territory,8,AU.AC
26,AUS,Australia,澳大利亚,New South Wales,新南威尔士州,State,1,AU.NS
27,AUS,Australia,澳大利亚,Northern Territory,北领地,Territory,7,AU.NT
28,AUS,Australia,澳大利亚,Queensland,昆士兰州,State,3,AU.QL
29,AUS,Australia,澳大利亚,South Australia,南澳大利亚州,State,4,AU.SA
30,AUS,Australia,澳大利亚,Tasmania,塔斯马尼亚州,State,6,AU.TS
31,AUS,Australia,澳大利亚,Victoria,维多利亚州,State,2,AU.VI
32,AUS,Australia,澳大利亚,Western Australia,西澳大利亚州,State,5,AU.WA
41,AUT,Austria,奥地利,Burgenland,布尔根兰州,State,,AT.BU
38,AUT,Austria,奥地利,Kärnten,克恩顿州,State,,AT.KA
36,AUT,Austria,奥地利,Niederösterreich,下奥地利州,State,,AT.NO
40,AUT,Austria,奥地利,Oberösterreich,上奥地利州,State,,AT.OO
34,AUT,Austria,奥地利,Salzburg,萨尔茨堡州,State,,AT.SZ
35,AUT,Austria,奥地利,Steiermark,施蒂利亚州,State,,AT.ST
33,AUT,Austria,奥地利,Tirol,蒂罗尔州,State,,AT.TR
39,AUT,Austria,奥地利,Vorarlberg,福拉尔贝格州,State,,AT.VO
37,AUT,Austria,奥地利,Wien,维也纳州,State,,AT.WI
42,,Belgium,比利时,Flanders,弗拉芒大区,,,
43,,Belgium,比利时,Brussels,布鲁塞尔-首都大区,,,
44,,Belgium,比利时,Wallonia,瓦隆大区,,,
45,BRA,Brazil,巴西,Acre,阿克里州,State,,BR.AC
52,BRA,Brazil,巴西,Alagoas,阿拉戈斯州,State,,BR.AL
46,BRA,Brazil,巴西,Amapá,阿马帕州,State,,BR.AP
47,BRA,Brazil,巴西,Amazonas,亚马孙州,State,,BR.AM
53,BRA,Brazil,巴西,Bahia,巴伊亚州,State,,BR.BA
54,BRA,Brazil,巴西,Ceará,塞阿腊州,State,,BR.CE
68,BRA,Brazil,巴西,Distrito Federal,联邦区,Federal District,,BR.DF
61,BRA,Brazil,巴西,Espirito Santo,圣埃斯皮里图州,State,,BR.ES
69,BRA,Brazil,巴西,Goiás,戈亚斯州,State,,BR.GO
55,BRA,Brazil,巴西,Maranhão,马拉尼昂州,State,,BR.MA
70,BRA,Brazil,巴西,Mato Grosso,马托格罗索州,State,,BR.MT
71,BRA,Brazil,巴西,Mato Grosso do Sul,南马托格罗索州,State,,BR.MS
62,BRA,Brazil,巴西,Minas Gerais,米纳斯吉拉斯州,State,,BR.MG
48,BRA,Brazil,巴西,Pará,帕拉州,State,,BR.PB
56,BRA,Brazil,巴西,Paraíba,帕拉伊巴州,State,,BR.PA
65,BRA,Brazil,巴西,Paraná,巴拉那州,State,,BR.PR
57,BRA,Brazil,巴西,Pernambuco,伯南布哥州,State,,BR.PE
58,BRA,Brazil,巴西,Piauí,皮奥伊州,State,,BR.PI
63,BRA,Brazil,巴西,Rio de Janeiro,里约热内卢州,State,,BR.RJ
59,BRA,Brazil,巴西,Rio Grande do Norte,北里约格朗德州,State,,BR.RN
66,BRA,Brazil,巴西,Rio Grande do Sul,南里约格朗德州,State,,BR.RS
49,BRA,Brazil,巴西,Rondônia,朗多尼亚州,State,,BR.RO
50,BRA,Brazil,巴西,Roraima,罗赖马州,State,,BR.RR
67,BRA,Brazil,巴西,Santa Catarina,圣卡塔琳娜州,State,,BR.SP
64,BRA,Brazil,巴西,São Paulo,圣保罗州,State,,BR.SC
60,BRA,Brazil,巴西,Sergipe,塞尔希培州,State,,BR.SE
51,BRA,Brazil,巴西,Tocantins,托坎廷斯州,State,,BR.TO
72,CAN,Canada,加拿大,Alberta,艾伯塔省,Province,48,CA.AB
73,CAN,Canada,加拿大,British Columbia,不列颠哥伦比亚省,Province,59,CA.BC
74,CAN,Canada,加拿大,Grand Princess,至尊公主号,,,
75,CAN,Canada,加拿大,Manitoba,曼尼托巴省,Province,46,CA.MB
76,CAN,Canada,加拿大,New Brunswick,新布伦瑞克省,Province,13,CA.NB
77,CAN,Canada,加拿大,Newfoundland and Labrador,纽芬兰与拉布拉多省,Province,10,CA.NF
78,CAN,Canada,加拿大,Nova Scotia,新斯科舍省,Province,12,CA.NS
79,CAN,Canada,加拿大,Ontario,安大略省,Province,35,CA.ON
80,CAN,Canada,加拿大,Prince Edward Island,爱德华王子岛省,Province,11,CA.PE
81,CAN,Canada,加拿大,Quebec,魁北克省,Province,24,CA.QC
82,CAN,Canada,加拿大,Saskatchewan,萨斯喀彻温省,Province,47,CA.SK
83,CAN,Canada,加拿大,Diamond Princess,钻石公主号,,,
84,CAN,Canada,加拿大,Northwest Territories,西北地区,Territory,61,CA.NT
85,CAN,Canada,加拿大,Yukon,育空地区,Territory,60,CA.YT
86,CHL,Chile,智利,Antofagasta,安托法加斯塔大区,Region,II,CL.AN
87,CHL,Chile,智利,Araucanía,阿劳卡尼亚大区,Region,IX,CL.AR
88,CHL,Chile,智利,Arica y Parinacota,阿里卡和帕里纳科塔大区,Region,XV,CL.AP
89,CHL,Chile,智利,Atacama,阿塔卡马大区,Region,III,CL.AT
90,CHL,Chile,智利,Aysén,艾森大区,Region,XI,CL.AI
91,CHL,Chile,智利,Biobío,比奥比奥大区,Region,VIII,CL.BI
92,CHL,Chile,智利,Coquimbo,科金博大区,Region,IV,CL.CO
93,CHL,Chile,智利,Los Lagos,湖大区,Region,X,CL.LG
94,CHL,Chile,智利,Los Ríos,河大区,Region,XIV,CL.LR
95,CHL,Chile,智利,Magallanes,麦哲伦大区,Region,XII,CL.MA
96,CHL,Chile,智利,Maule,马乌莱大区,Region,VII,CL.ML
98,CHL,Chile,智利,Ñuble,纽布莱大区,Region,XVI,CL.NB
99,CHL,Chile,智利,O'Higgins,奥伊金斯大区,Region,VI,CL.LI
97,CHL,Chile,智利,Santiago Metropolitan,圣地亚哥首都大区,Region,,CL.RM
100,CHL,Chile,智利,Tarapacá,塔拉帕卡大区,Region,I,CL.TP
101,CHL,Chile,智利,Valparaíso,瓦尔帕莱索大区,Region,V,CL.VS
103,CHN,China,中国,Mainland China|Ningxia,中国大陆|宁夏回族自治区,Autonomous Region,,CN.NX
104,CHN,China,中国,Mainland China|Hebei,中国大陆|河北省,Province,,CN.HB
105,CHN,China,中国,Mainland China|Jilin,中国大陆|吉林省,Province,,CN.JL
106,CHN,China,中国,Mainland China|Shanxi,中国大陆|山西省,Province,,CN.SX
107,CHN,China,中国,Mainland China|Yunnan,中国大陆|云南省,Province,,CN.YN
108,CHN,China,中国,Mainland China|Gansu,中国大陆|甘肃省,Province,,CN.GS
109,CHN,China,中国,Mainland China|Heilongjiang,中国大陆|黑龙江省,Province,,CN.HL
110,CHN,China,中国,Mainland China|Liaoning,中国大陆|辽宁省,Province,,CN.LN
111,CHN,China,中国,Mainland China|Guizhou,中国大陆|贵州省,Province,,CN.GZ
112,CHN,China,中国,Mainland China|Shaanxi,中国大陆|陕西省,Province,,CN.SA
113,CHN,China,中国,Mainland China|Jiangxi,中国大陆|江西省,Province,,CN.JX
114,CHN,China,中国,Mainland China|Hainan,中国大陆|海南省,Province,,CN.HA
115,CHN,China,中国,Mainland China|Henan,中国大陆|河南省,Province,,CN.HE
116,CHN,China,中国,Mainland China|Jiangsu,中国大陆|江苏省,Province,,CN.JS
117,CHN,China,中国,Mainland China|Fujian,中国大陆|福建省,Province,,CN.FJ
118,CHN,China,中国,Mainland China|Guangxi,中国大陆|广西壮族自治区,Autonomous Region,,CN.GX
119,CHN,China,中国,Mainland China|Shandong,中国大陆|山东省,Province,,CN.SD
120,CHN,China,中国,Mainland China|Sichuan,中国大陆|四川省,Province,,CN.SC
121,CHN,China,中国,Mainland China|Chongqing,中国大陆|重庆市,Municipality,,CN.CQ
122,CHN,China,中国,Mainland China|Anhui,中国大陆|安徽省,Province,,CN.AH
123,CHN,China,中国,Mainland China|Hunan,中国大陆|湖南省,Province,,CN.HN
124,CHN,China,中国,Mainland China|Beijing,中国大陆|北京市,Municipality,,CN.BJ
125,CHN,China,中国,Mainland China|Zhejiang,中国大陆|浙江省,Province,,CN.ZJ
126,CHN,China,中国,Mainland China|Guangdong,中国大陆|广东省,Province,,CN.GD
127,CHN,China,中国,Mainland China|Hubei,中国大陆|湖北省,Province,,CN.HU
128,CHN,China,中国,Mainland China|Neimenggu,中国大陆|内蒙古自治区,Autonomous Region,,CN.NM
129,CHN,China,中国,Mainland China|Xinjiang,中国大陆|新疆维吾尔自治区,Autonomous Region,,CN.XJ
130,CHN,China,中国,Mainland China|Qinghai,中国大陆|青海省,Province,,CN.QH
131,CHN,China,中国,Mainland China|Tianjin,中国大陆|天津市,Municipality,,CN.TJ
132,CHN,China,中国,Mainland China|Shanghai,中国大陆|上海市,Municipality,,CN.SH
133,CHN,China,中国,Mainland China|Xizang,中国大陆|西藏自治区,Autonomous Region,,CN.XZ
134,HKG,China,中国,Hong Kong,香港,,,
135,HKG,China,中国,Hong Kong|Kowloon West,香港|九东西,,,
136,HKG,China,中国,Hong Kong|Island East,香港|港岛东,,,
137,HKG,China,中国,Hong Kong|New Territories East,香港|新界东,,,
138,HKG,China,中国,Hong Kong|Kowloon East,香港|九龙东,,,
139,HKG,China,中国,Hong Kong|Island West,香港|港岛西,,,
140,HKG,China,中国,Hong Kong|New Territories West,香港|新界西,,,
141,HKG,China,中国,Hong Kong|Kowloon Central,香港|九龙中,,,
142,TWN,China,中国,Taiwan,台湾,,,
143,MAC,China,中国,Macau,澳门,,,
144,,Colombia,哥伦比亚,Amazonas,亚马孙省,,,
145,,Colombia,哥伦比亚,Antioquia,安蒂奥基亚省,,,
146,,Colombia,哥伦比亚,Arauca,阿劳卡省,,,
147,,Colombia,哥伦比亚,Atlantico,大西洋省,,,
148,,Colombia,哥伦比亚,Bogota,波哥大,,,
149,,Colombia,哥伦比亚,Bolivar,玻利瓦尔省,,,
150,,Colombia,哥伦比亚,Boyaca,博亚卡省,,,
151,,Colombia,哥伦比亚,Caldas,卡尔达斯省,,,
152,,Colombia,哥伦比亚,Caqueta,卡克塔省,,,
153,,Colombia,哥伦比亚,Casanare,卡萨纳雷省,,,
154,,Colombia,哥伦比亚,Cauca,考卡省,,,
155,,Colombia,哥伦比亚,Cesar,塞萨尔省,,,
156,,Colombia,哥伦比亚,Choco,乔科省,,,
157,,Colombia,哥伦比亚,Cordoba,科尔多瓦省,,,
158,,Colombia,哥伦比亚,Cundinamarca,昆迪纳马卡省,,,
159,,Colombia,哥伦比亚,Guainia,瓜伊尼亚省,,,
160,,Colombia,哥伦比亚,Guaviare,瓜维亚雷省,,,
161,,Colombia,哥伦比亚,Huila,乌伊拉省,,,
162,,Colombia,哥伦比亚,La Guajira,瓜希拉省,,,
163,,Colombia,哥伦比亚,Magdalena,马格达莱纳省,,,
164,,Colombia,哥伦比亚,Meta,梅塔省,,,
165,,Colombia,哥伦比亚,Narino,纳里尼奥省,,,
166,,Colombia,哥伦比亚,Norte de Santander,北桑坦德省,,,
167,,Colombia,哥伦比亚,Putumayo,普图马约省,,,
168,,Colombia,哥伦比亚,Quindio,金迪奥省,,,
169,,Colombia,哥伦比亚,Risaralda,里萨拉尔达省,,,
170,,Colombia,哥伦比亚,San Andres y Providencia,圣安德列斯-普罗维登西亚省,,,
171,,Colombia,哥伦比亚,Santander,桑坦德省,,,
172,,Colombia,哥伦比亚,Sucre,苏克雷省,,,
173,,Colombia,哥伦比亚,Tolima,托利马省,,,
174,,Colombia,哥伦比亚,Valle del Cauca,考卡山谷省,,,
175,,Colombia,哥伦比亚,Vaupes,沃佩斯省,,,
176,,Colombia,哥伦比亚,Vichada,比查达省,,,
177,,International Conveyance,国际运输,Diamond Princess,钻石公主号,,,
178,,Czechia,捷克,Liberec,利贝雷茨州,,,
179,,Czechia,捷克,Vysočina,维索基纳州,,,
180,,Czechia,捷克,Hradec Králové,赫拉德茨-克拉洛韦州,,,
181,,Czechia,捷克,Plzeň,比尔森州,,,
182,,Czechia,捷克,Pardubice,帕尔杜比采州,,,
183,,Czechia,捷克,South Bohemian,南波希米亚州,,,
184,,Czechia,捷克,Karlovy Vary,卡罗维发利州,,,
185,,Czechia,捷克,Ústí nad Labem,拉贝河畔乌斯季州,,,
186,,Czechia,捷克,Zlín,兹林州,,,
187,,Czechia,捷克,South Moravian,南摩拉维亚州,,,
188,,Czechia,捷克,Olomouc,奥洛穆茨州,,,
189,,Czechia,捷克,Moravian-Silesian,摩拉维亚-西里西亚州,,,
190,,Czechia,捷克,Central Bohemian,中波希米亚州,,,
191,,Czechia,捷克,Prague,布拉格,,,
192,,Czechia,捷克,Unassigned,未明确,,,
193,,Denmark,丹麦,Faroe Islands,法罗群岛,,,
194,,Denmark,丹麦,Greenland,格陵兰,,,
195,,Denmark,丹麦,Denmark,丹麦,,,
196,,Ecuador,厄瓜多尔,Azuay,阿苏艾省,,,
197,,Ecuador,厄瓜多尔,Bolivar,玻利瓦尔省,,,
198,,Ecuador,厄瓜多尔,Canar,卡尼亚尔省,,,
199,,Ecuador,厄瓜多尔,Carchi,卡尔奇省,,,
200,,Ecuador,厄瓜多尔,Chimborazo,钦博拉索省,,,
201,,Ecuador,厄瓜多尔,Cotopaxi,科托帕希省,,,
202,,Ecuador,厄瓜多尔,El Oro,埃尔奥罗省,,,
203,,Ecuador,厄瓜多尔,Esmeraldas,埃斯梅拉达斯省,,,
204,,Ecuador,厄瓜多尔,Galapagos,加拉帕戈斯省,,,
205,,Ecuador,厄瓜多尔,Guayas,瓜亚斯省,,,
206,,Ecuador,厄瓜多尔,Imbabura,因巴布拉省,,,
207,,Ecuador,厄瓜多尔,Loja,洛哈省,,,
208,,Ecuador,厄瓜多尔,Los Rios,洛斯里奥斯省,,,
209,,Ecuador,厄瓜多尔,Manabi,马纳比省,,,
210,,Ecuador,厄瓜多尔,Morona Santiago,莫罗纳-圣地亚哥省,,,
211,,Ecuador,厄瓜多尔,Napo,纳波省,,,
212,,Ecuador,厄瓜多尔,Orellana,奥雷亚纳省,,,
213,,Ecuador,厄瓜多尔,Pastaza,帕斯塔萨省,,,
214,,Ecuador,厄瓜多尔,Pichincha,皮钦查省,,,
215,,Ecuador,厄瓜多尔,Santa Elena,圣埃伦娜省,,,
216,,Ecuador,厄瓜多尔,Santo Domingo de los Tsachilas,圣多明各-德洛斯查奇拉斯省,,,
217,,Ecuador,厄瓜多尔,Sucumbios,苏昆比奥斯省,,,
218,,Ecuador,厄瓜多尔,Tungurahua,通古拉瓦省,,,
219,,Ecuador,厄瓜多尔,Zamora-Chinchipe,萨莫拉-钦奇佩省,,,
221,FRA,France,法国,Metropolitan France|Auvergne-Rhône-Alpes,法国本土|奥弗涅-罗讷-阿尔卑斯大区,Region,,FR.AR
222,FRA,France,法国,Metropolitan France|Bourgogne-Franche-Comté,法国本土|勃艮第-弗朗什-孔泰大区,Region,,FR.BF
223,FRA,France,法国,Metropolitan France|Bretagne,法国本土|布列塔尼大区,Region,,FR.BT
224,FRA,France,法国,Metropolitan France|Centre-Val de Loire,法国本土|中央-卢瓦尔河谷大区,Region,,FR.CN
225,FRA,France,法国,Metropolitan France|Corse,法国本土|科西嘉,Region,,FR.CE
226,FRA,France,法国,Metropolitan France|Grand Est,法国本土|大东部大区,Region,,FR.AO
227,FRA,France,法国,Metropolitan France|Hauts-de-France,法国本土|上法兰西大区,Region,,FR.NC
228,FRA,France,法国,Metropolitan France|Île-de-France,法国本土|法兰西岛大区,Region,,FR.IF
229,FRA,France,法国,Metropolitan France|Normandie,法国本土|诺曼底大区,Region,,FR.ND
230,FRA,France,法国,Metropolitan France|Nouvelle-Aquitaine,法国本土|新阿基坦大区,Region,,FR.AC
231,FRA,France,法国,Metropolitan France|Occitanie,法国本土|奥克西塔尼大区,Region,,FR.LP
232,FRA,France,法国,Metropolitan France|Pays de la Loire,法国本土|卢瓦尔河地区大区,Region,,FR.PL
233,FRA,France,法国,Metropolitan France|Provence-Alpes-Côte d'Azur,法国本土|普罗旺斯-阿尔卑斯-蓝色海岸大区,Region,,FR.PR
235,GLP,France,法国,Overseas France|Guadeloupe,海外领土|瓜德罗普,,,
236,,France,法国,Overseas France|Saint Barthelemy,海外领土|圣巴泰勒米,,,
237,,France,法国,Overseas France|Saint Martin,海外领土|法属圣马丁,,,
238,,France,法国,Overseas France|Martinique,海外领土|马提尼克,,,
239,,France,法国,Overseas France|French Guiana,海外领土|法属圭亚那,,,
240,,France,法国,Overseas France|Reunion,海外领土|留尼汪,,,
241,,France,法国,Overseas France|Mayotte,海外领土|马约特,,,
242,,France,法国,Overseas France|New Caledonia,海外领土|新喀里多尼亚,,,
243,,France,法国,Overseas France|French Polynesia,海外领土|法属波利尼西亚,,,
244,DEU,Germany,德国,Rheinland-Pfalz,莱茵兰-普法尔茨州,State,7,DE.RP
245,DEU,Germany,德国,Schleswig-Holstein,石勒苏益格-荷尔斯泰因州,State,1,DE.SH
246,DEU,Germany,德国,Evacuation,撤侨,,,
247,DEU,Germany,德国,Hessen,黑森州,State,6,DE.HE
248,DEU,Germany,德国,Baden-Württemberg,巴登-符腾堡州,State,8,DE.BW
249,DEU,Germany,德国,Bayern,巴伐利亚州,,9,DE.BY
250,DEU,Germany,德国,Nordrhein-Westfalen,北莱茵-威斯特法伦州,State,5,DE.NW
251,DEU,Germany,德国,Bremen,不来梅州,State,4,DE.HB
252,DEU,Germany,德国,Hamburg,汉堡,State,2,DE.HH
253,DEU,Germany,德国,Niedersachsen,下萨克森州,State,3,DE.NI
254,DEU,Germany,德国,Berlin,柏林,State,11,DE.BE
255,DEU,Germany,德国,Brandenburg,勃兰登堡州,State,12,DE.BR
256,DEU,Germany,德国,Sachsen,萨克森州,State,14,DE.SN
257,DEU,Germany,德国,Thüringen,图林根州,State,16,DE.TH
258,DEU,Germany,德国,Saarland,萨尔兰州,State,10,DE.SL
259,DEU,Germany,德国,Mecklenburg-Vorpommern,梅克伦堡-前波美拉尼亚州,State,13,DE.MV
260,DEU,Germany,德国,Sachsen-Anhalt,萨克森-安哈尔特州,State,15,DE.ST
261,IND,India,印度,Kerala,喀拉拉邦,State,,IN.KL
262,IND,India,印度,Delhi,德里,Union Territory,,IN.DD
263,IND,India,印度,Telangana,特伦甘纳邦,State,,IN.TG
264,IND,India,印度,Rajasthan,拉贾斯坦邦,State,,IN.RJ
265,IND,India,印度,Haryana,哈里亚纳邦,State,,IN.HR
266,IND,India,印度,Uttar Pradesh,北方邦,State,,IN.UP
267,IND,India,印度,Ladakh,拉达克,Union Territory,,IN.LD
268,IND,India,印度,Tamil Nadu,泰米尔纳德邦,State,,IN.TN
269,IND,India,印度,Jammu and Kashmir,查谟和克什米尔,State,,IN.JK
270,IND,India,印度,Karnataka,卡纳塔克邦,State,,IN.KA
271,IND,India,印度,Maharashtra,马哈拉施特拉邦,State,,IN.MH
272,IND,India,印度,Punjab,旁遮普省,State,,IN.PB
273,IND,India,印度,Andhra Pradesh,安得拉邦,State,,IN.AP
274,IND,India,印度,Uttarakhand,北阿坎德邦,State,,IN.UT
275,IND,India,印度,Odisha,奥里萨邦,State,,IN.OR
276,IND,India,印度,Puducherry,本地治里,Union Territory,,IN.PY
277,IND,India,印度,West Bengal,西孟加拉邦,State,,IN.WB
278,IND,India,印度,Chandigarh,昌迪加尔,Union Territory,,IN.CH
279,IND,India,印度,Chhattisgarh,恰蒂斯加尔邦,State,,IN.CT
280,IND,India,印度,Gujarat,古吉拉特邦,State,,IN.GJ
281,IND,India,印度,Himachal Pradesh,喜马偕尔邦,Union Territory,,IN.HP
282,IND,India,印度,Madhya Pradesh,中央邦,State,,IN.MP
283,IND,India,印度,Bihar,比哈尔邦,State,,IN.BR
284,IND,India,印度,Manipur,曼尼普尔邦,State,,IN.MN
285,IND,India,印度,Mizoram,米佐拉姆邦,State,,IN.MZ
286,IND,India,印度,Goa,果阿邦,State,,IN.GA
287,IND,India,印度,Andaman and Nicobar Islands,安达曼-尼科巴群岛,Union Territory,,IN.AN
288,IND,India,印度,Jharkhand,贾坎德邦,State,,IN.JH
289,IND,India,印度,Assam,阿萨姆邦,State,,IN.AS
290,IND,India,印度,Arunachal Pradesh,阿鲁纳恰尔邦,State,,IN.AR
291,IND,India,印度,Dadra and Nagar Haveli,达德拉-纳加尔哈维利,Union Territory,,IN.DN
292,IND,India,印度,Tripura,特里普拉邦,State,,IN.TR
293,IND,India,印度,Nagaland,那加兰邦,State,,IN.NL
294,IND,India,印度,Meghalaya,梅加拉亚邦,State,,IN.ML
295,IND,India,印度,Sikkim,锡金,State,,IN.SK
296,IND,India,印度,NCT of Delhi,,Union Territor,,IN.DL
297,IDN,Indonesia,印度尼西亚,Aceh,亚齐特区,Province,11,ID.AC
298,IDN,Indonesia,印度尼西亚,Sumatera Utara,北苏门答腊省,Province,12,ID.SU
299,IDN,Indonesia,印度尼西亚,Sumatera Barat,西苏门答腊省,Province,13,ID.SB
300,IDN,Indonesia,印度尼西亚,Riau,廖内省,Province,14,ID.RI
301,IDN,Indonesia,印度尼西亚,Jambi,占碑省,Province,15,ID.JA
302,IDN,Indonesia,印度尼西亚,Sumatera Selatan,南苏门答腊省,Province,16,ID.SL
303,IDN,Indonesia,印度尼西亚,Bengkulu,明古鲁省,Province,17,ID.BE
304,IDN,Indonesia,印度尼西亚,Lampung,楠榜省,Province,18,ID.LA
305,IDN,Indonesia,印度尼西亚,Kepulauan Bangka Belitung,邦加-勿里洞省,,,
306,IDN,Indonesia,印度尼西亚,Kepulauan Riau,廖内群岛省,Province,21,ID.KR
307,IDN,Indonesia,印度尼西亚,DKI Jakarta,雅加达首都特区,,,
308,IDN,Indonesia,印度尼西亚,Jawa Barat,西爪哇省,Province,32,ID.JR
309,IDN,Indonesia,印度尼西亚,Jawa Tengah,中爪哇省,Province,33,ID.JT
310,IDN,Indonesia,印度尼西亚,DI Yogyakarta,日惹特区,,,
311,IDN,Indonesia,印度尼西亚,Jawa Timur,东爪哇省,Province,35,ID.JI
312,IDN,Indonesia,印度尼西亚,Banten,万丹省,Province,36,ID.BT
313,IDN,Indonesia,印度尼西亚,Bali,巴厘省,Province,51,ID.BA
314,IDN,Indonesia,印度尼西亚,Nusa Tenggara Barat,西努沙登加拉省,Province,52,ID.NB
315,IDN,Indonesia,印度尼西亚,Nusa Tenggara Timur,东努沙登加拉省,Province,53,ID.NT
316,IDN,Indonesia,印度尼西亚,Kalimantan Barat,西加里曼丹省,Province,61,ID.KB
317,IDN,Indonesia,印度尼西亚,Kalimantan Tengah,中加里曼丹省,Province,62,ID.KT
318,IDN,Indonesia,印度尼西亚,Kalimantan Selatan,南加里曼丹省,Province,63,ID.KS
319,IDN,Indonesia,印度尼西亚,Kalimantan Timur,东加里曼丹省,Province,64,ID.KM
320,IDN,Indonesia,印度尼西亚,Kalimantan Utara,北加里曼丹省,,,
321,IDN,Indonesia,印度尼西亚,Sulawesi Utara,北苏拉威西省,Province,71,ID.SW
322,IDN,Indonesia,印度尼西亚,Sulawesi Tengah,中苏拉威西省,Province,72,ID.ST
323,IDN,Indonesia,印度尼西亚,Sulawesi Selatan,南苏拉威西省,Province,73,ID.SE
324,IDN,Indonesia,印度尼西亚,Sulawesi Tenggara,东南苏拉威西省,Province,74,ID.SG
325,IDN,Indonesia,印度尼西亚,Gorontalo,哥伦打洛省,Province,75,ID.GO
326,IDN,Indonesia,印度尼西亚,Sulawesi Barat,西苏拉威西省,Province,76,ID.SR
327,IDN,Indonesia,印度尼西亚,Maluku,马鲁古省,Province,81,ID.MA
328,IDN,Indonesia,印度尼西亚,Maluku Utara,北马鲁古省,Province,82,ID.MU
329,IDN,Indonesia,印度尼西亚,Papua,巴布亚省,Province,94,ID.PA
330,IDN,Indonesia,印度尼西亚,Papua Barat,西巴布亚省,Province,91,ID.IB
331,IRN,Iran,伊朗,Qom,库姆省,Province,,IR.QM
332,IRN,Iran,伊朗,Tehran,德黑兰省,Province,,IR.TH
333,IRN,Iran,伊朗,Mazandaran,马赞德兰省,Province,,IR.MN
334,IRN,Iran,伊朗,Alborz,厄尔布尔士省,Province,,IR.AL
335,IRN,Iran,伊朗,Semnan,塞姆南省,Province,,IR.SM
336,IRN,Iran,伊朗,Golestan,戈勒斯坦省,Province,,IR.GI
337,IRN,Iran,伊朗,Qazvin,加兹温省,Province,,IR.QZ
338,IRN,Iran,伊朗,Isfahan,伊斯法罕省,Province,,IR.IL
339,IRN,Iran,伊朗,Fars,法尔斯省,Province,,IR.ES
340,IRN,Iran,伊朗,Hormozgan,霍尔木兹甘省,Province,,IR.HD
341,IRN,Iran,伊朗,Kohgiluyeh and Boyer-Ahmad,科吉卢耶-博韦艾哈迈德省,Province,,IR.KB
342,IRN,Iran,伊朗,Chaharmahal and Bakhtiari,恰哈马哈勒-巴赫蒂亚里省,Province,,IR.CM
343,IRN,Iran,伊朗,Bushehr,布什尔省,Province,,IR.BS
344,IRN,Iran,伊朗,Gilan,吉兰省,Province,,IR.FA
345,IRN,Iran,伊朗,Ardabil,阿尔达比勒省,Province,,IR.AR
346,IRN,Iran,伊朗,East Azerbaijan,东阿塞拜疆省,Province,,IR.EA
347,IRN,Iran,伊朗,West Azerbaijan,西阿塞拜疆省,Province,,IR.WA
348,IRN,Iran,伊朗,Kordestan,库尔德斯坦省,Province,,IR.KD
349,IRN,Iran,伊朗,Zanjan,赞詹省,Province,,IR.ZA
350,IRN,Iran,伊朗,Markazi,中央省,Province,,IR.MK
351,IRN,Iran,伊朗,Hamadan,哈马丹省,Province,,IR.GO
352,IRN,Iran,伊朗,Khuzestan,胡齐斯坦省,Province,,IR.KZ
353,IRN,Iran,伊朗,Kermanshah,克尔曼沙汗省,Province,,IR.BK
354,IRN,Iran,伊朗,Lorestan,洛雷斯坦省,Province,,IR.LO
355,IRN,Iran,伊朗,Ilam,伊拉姆省,Province,,IR.HG
356,IRN,Iran,伊朗,Razavi Khorasan,礼萨呼罗珊省,Province,,IR.KV
357,IRN,Iran,伊朗,Sistan and Baluchestan,锡斯坦-俾路支斯坦省,Province,,IR.SB
358,IRN,Iran,伊朗,Yazd,亚兹德省,Province,,IR.YA
359,IRN,Iran,伊朗,South Khorasan,南呼罗珊省,Province,,IR.KJ
360,IRN,Iran,伊朗,Kerman,克尔曼省,Province,,IR.KE
361,IRN,Iran,伊朗,North Khorasan,北呼罗珊省,Province,,IR.KS
363,IRL,Ireland,爱尔兰,Carlow,卡娄郡,County,,IE.CW
364,IRL,Ireland,爱尔兰,Cavan,卡文郡,County,,IE.CN
365,IRL,Ireland,爱尔兰,Clare,克莱尔郡,County,,IE.CE
373,IRL,Ireland,爱尔兰,Cork,科克郡,County,,IE.CK
366,IRL,Ireland,爱尔兰,Donegal,当尼戈尔郡,County,,IE.DL
362,IRL,Ireland,爱尔兰,Dublin,都柏林郡,County,,IE.DN
376,IRL,Ireland,爱尔兰,Galway,高维郡,County,,IE.GY
380,IRL,Ireland,爱尔兰,Kerry,凯瑞郡,County,,IE.KY
367,IRL,Ireland,爱尔兰,Kildare,基尔代尔郡,County,,IE.KE
368,IRL,Ireland,爱尔兰,Kilkenny,基尔肯尼郡,County,,IE.KK
385,IRL,Ireland,爱尔兰,Laois,利施郡,County,,IE.LS
386,IRL,Ireland,爱尔兰,Leitrim,利特里姆郡,County,,IE.LM
375,IRL,Ireland,爱尔兰,Limerick,利默里克郡,County,,IE.LK
369,IRL,Ireland,爱尔兰,Longford,朗福德郡,County,,IE.LD
370,IRL,Ireland,爱尔兰,Louth,劳斯郡,County,,IE.LH
371,IRL,Ireland,爱尔兰,Mayo,梅欧郡,County,,IE.MO
372,IRL,Ireland,爱尔兰,Meath,米斯郡,County,,IE.MH
387,IRL,Ireland,爱尔兰,Monaghan,莫纳亨郡,County,,IE.MN
379,IRL,Ireland,爱尔兰,Offaly,奥法利郡,County,,IE.OY
374,IRL,Ireland,爱尔兰,Roscommon,罗斯康门郡,County,,IE.RN
383,IRL,Ireland,爱尔兰,Sligo,斯莱戈郡,County,,IE.SO
382,IRL,Ireland,爱尔兰,Tipperary,蒂珀雷里郡,County,,IE.TY
384,IRL,Ireland,爱尔兰,Waterford,沃特福德郡,County,,IE.WD
378,IRL,Ireland,爱尔兰,Westmeath,西米斯郡,County,,IE.WH
381,IRL,Ireland,爱尔兰,Wexford,韦克斯福德郡,County,,IE.WX
377,IRL,Ireland,爱尔兰,Wicklow,威克娄郡,County,,IE.WW
388,ITA,Italy,意大利,Abruzzo,阿布鲁佐大区,Region,13,IT.AB
389,ITA,Italy,意大利,Basilicata,巴西利卡塔大区,Region,16,IT.PU
390,ITA,Italy,意大利,Trentino-Alto Adige,特伦蒂诺-上阿迪杰大区,Region,17,IT.BC
391,ITA,Italy,意大利,Calabria,卡拉布里亚大区,Region,18,IT.LB
392,ITA,Italy,意大利,Campania,坎帕尼亚大区,Region,15,IT.CM
393,ITA,Italy,意大利,Emilia Romagna,艾利亚-罗马涅大区,Region,8,IT.ER
394,ITA,Italy,意大利,Friuli V. G.,弗留利-威尼斯朱利亚大区,Autonomous Region,6,IT.FV
395,ITA,Italy,意大利,Lazio,拉齐奥大区,Region,12,IT.LZ
396,ITA,Italy,意大利,Liguria,利古里亚大区,Region,7,IT.LG
397,ITA,Italy,意大利,Lombardia,伦巴第大区,Region,3,IT.LM
398,ITA,Italy,意大利,Marche,马尔凯大区,Region,11,IT.MH
399,ITA,Italy,意大利,Molise,莫利塞大区,Region,14,IT.ML
400,ITA,Italy,意大利,Piemonte,皮埃蒙特大区,Region,1,IT.PM
401,ITA,Italy,意大利,Puglia,普利亚大区,Autonomous Region,20,IT.SD
402,ITA,Italy,意大利,Sardegna,撒丁大区,Autonomous Region,19,IT.SC
403,ITA,Italy,意大利,Sicilia,西西里大区,Region,9,IT.TT
404,ITA,Italy,意大利,Toscana,托斯卡纳大区,Autonomous Region,4,IT.TC
405,ITA,Italy,意大利,Umbria,翁布里亚大区,Region,10,IT.UM
406,ITA,Italy,意大利,Valle d'Aosta,瓦莱达奥斯塔大区,Autonomous Region,2,IT.VD
407,ITA,Italy,意大利,Veneto,威尼托大区,Region,5,IT.VN
430,JPN,Japan,日本,Aichi,爱知县,Prefecture,,JP.AI
412,JPN,Japan,日本,Akita,秋田县,Prefecture,,JP.AK
409,JPN,Japan,日本,Aomori,青森县,Prefecture,,JP.AO
419,JPN,Japan,日本,Chiba,千叶县,Prefecture,,JP.CH
445,JPN,Japan,日本,Ehime,爱媛县,Prefecture,,JP.EH
455,JPN,Japan,日本,Evacuation,撤侨,,,
425,JPN,Japan,日本,Fukui,福井县,Prefecture,,JP.FI
447,JPN,Japan,日本,Fukuoka,福冈县,Prefecture,,JP.FO
414,JPN,Japan,日本,Fukushima,福岛县,Prefecture,,JP.FS
428,JPN,Japan,日本,Gifu,岐阜县,Prefecture,,JP.GF
417,JPN,Japan,日本,Gunma,群马县,Prefecture,,JP.GM
441,JPN,Japan,日本,Hiroshima,广岛县,Prefecture,,JP.HS
408,JPN,Japan,日本,Hokkaido,北海道,Circuit,,JP.HK
435,JPN,Japan,日本,Hyogo,兵库县,Prefecture,,JP.HG
415,JPN,Japan,日本,Ibaraki,茨城县,Prefecture,,JP.IB
424,JPN,Japan,日本,Ishikawa,石川县,Prefecture,,JP.IS
410,JPN,Japan,日本,Iwate,岩手县,Prefecture,,JP.IW
444,JPN,Japan,日本,Kagawa,香川县,Prefecture,,JP.KG
453,JPN,Japan,日本,Kagoshima,鹿儿岛县,Prefecture,,JP.KS
421,JPN,Japan,日本,Kanagawa,神奈川县,Prefecture,,JP.KN
446,JPN,Japan,日本,Kochi,高知县,Prefecture,,JP.KC
450,JPN,Japan,日本,Kumamoto,熊本县,Prefecture,,JP.KM
433,JPN,Japan,日本,Kyoto,京都府,Urban Prefecture,,JP.KY
431,JPN,Japan,日本,Mie,三重县,Prefecture,,JP.ME
411,JPN,Japan,日本,Miyagi,宫城县,Prefecture,,JP.MG
452,JPN,Japan,日本,Miyazaki,宫崎县,Prefecture,,JP.MZ
427,JPN,Japan,日本,Nagano,长野县,Prefecture,,JP.NN
449,JPN,Japan,日本,Nagasaki,长崎县,Prefecture,,JP.NS
436,JPN,Japan,日本,Nara,奈良县,Prefecture,,JP.NR
422,JPN,Japan,日本,Niigata,新潟县,Prefecture,,JP.NI
451,JPN,Japan,日本,Oita,大分县,Prefecture,,JP.OT
440,JPN,Japan,日本,Okayama,冈山县,Prefecture,,JP.OY
454,JPN,Japan,日本,Okinawa,冲绳县,Prefecture,,JP.ON
434,JPN,Japan,日本,Osaka,大阪府,Urban Prefecture,,JP.OS
456,JPN,Japan,日本,Quarantine Officer,检疫人员,,,
448,JPN,Japan,日本,Saga,佐贺县,Prefecture,,JP.SG
418,JPN,Japan,日本,Saitama,埼玉县,Prefecture,,JP.ST
432,JPN,Japan,日本,Shiga,滋贺县,Prefecture,,JP.SH
439,JPN,Japan,日本,Shimane,岛根县,Prefecture,,JP.SM
429,JPN,Japan,日本,Shizuoka,静冈县,Prefecture,,JP.SZ
416,JPN,Japan,日本,Tochigi,栃木县,Prefecture,,JP.TC
443,JPN,Japan,日本,Tokushima,德岛县,Prefecture,,JP.TS
420,JPN,Japan,日本,Tokyo,东京都,Metropolis,,JP.TK
438,JPN,Japan,日本,Tottori,鸟取县,Prefecture,,JP.TT
423,JPN,Japan,日本,Toyama,富山县,Prefecture,,JP.TY
437,JPN,Japan,日本,Wakayama,和歌山县,Prefecture,,JP.WK
413,JPN,Japan,日本,Yamagata,山形县,Prefecture,,JP.YT
442,JPN,Japan,日本,Yamaguchi,山口县,Prefecture,,JP.YC
426,JPN,Japan,日本,Yamanashi,山梨县,Prefecture,,JP.YN
465,KOR,South Korea,韩国,Busan,釜山市,Metropolitan City,,KR.PU
469,KOR,South Korea,韩国,Chungcheongbuk-do,忠清北道,Province,,KR.GB
470,KOR,South Korea,韩国,Chungcheongnam-do,忠清南道,Province,,KR.GN
457,KOR,South Korea,韩国,Daegu,大邱市,Metropolitan City,,KR.TG
464,KOR,South Korea,韩国,Daejeon,大田市,Metropolitan City,,KR.TJ
460,KOR,South Korea,韩国,Gangwon-do,江原道,Province,,KR.KW
463,KOR,South Korea,韩国,Gwangju,光州市,Metropolitan City,,KR.KJ
461,KOR,South Korea,韩国,Gyeonggi-do,京畿道,Province,,KR.KG
458,KOR,South Korea,韩国,Gyeongsangbuk-do,庆尚北道,Province,,KR.KB
459,KOR,South Korea,韩国,Gyeongsangnam-do,庆尚南道,Province,,KR.KN
474,KOR,South Korea,韩国,Imported,输入病例,,,
472,KOR,South Korea,韩国,Incheon,仁川市,Metropolitan City,,KR.IN
473,KOR,South Korea,韩国,Jeju-do,济川道,Province,,KR.CJ
468,KOR,South Korea,韩国,Jeollabuk-do,全罗北道,Province,,KR.CB
467,KOR,South Korea,韩国,Jeollanam-do,全罗南道,Province,,KR.CN
471,KOR,South Korea,韩国,Sejong City,世宗市,Metropolitan Autonomous City,,KR.SJ
462,KOR,South Korea,韩国,Seoul,首尔市,Capital Metropolitan City,,KR.SO
466,KOR,South Korea,韩国,Ulsan,蔚山市,Metropolitan City,,KR.UL
482,MYS,Malaysia,马来西亚,Johor,柔佛州,State,,MY.JH
476,MYS,Malaysia,马来西亚,Kedah,吉打州,State,,MY.KH
485,MYS,Malaysia,马来西亚,Kelantan,吉兰丹州,State,,MY.KN
488,MYS,Malaysia,马来西亚,Kuala Lumpur,吉隆坡,Federal Territory,,MY.KL
490,MYS,Malaysia,马来西亚,Labuan,纳闽,Federal Territory,,MY.LA
481,MYS,Malaysia,马来西亚,Melaka,马六甲州,State,,MY.ME
480,MYS,Malaysia,马来西亚,Negeri Sembilan,森美兰州,State,,MY.NS
483,MYS,Malaysia,马来西亚,Pahang,彭亨州,State,,MY.PH
478,MYS,Malaysia,马来西亚,Perak,霹雳州,State,,MY.PK
475,MYS,Malaysia,马来西亚,Perlis,玻璃市州,State,,MY.PL
477,MYS,Malaysia,马来西亚,Pulau Pinang,槟城州,State,,MY.PG
489,MYS,Malaysia,马来西亚,Putrajaya,布城,Federal Territory,,MY.PJ
486,MYS,Malaysia,马来西亚,Sabah,沙巴州,State,,MY.SA
487,MYS,Malaysia,马来西亚,Sarawak,砂拉越州,State,,MY.SK
479,MYS,Malaysia,马来西亚,Selangor,雪兰莪州,State,,MY.SL
484,MYS,Malaysia,马来西亚,Terengganu,登嘉楼州,State,,MY.TE
491,MEX,Mexico,墨西哥,Aguascalientes,阿瓜斯卡连特斯州,State,,MX.AG
492,MEX,Mexico,墨西哥,Baja California,下加利福尼亚州,State,,MX.BN
493,MEX,Mexico,墨西哥,Baja California Sur,南下加利福尼亚州,State,,MX.BS
494,MEX,Mexico,墨西哥,Campeche,坎佩切州,State,,MX.CM
495,MEX,Mexico,墨西哥,Chiapas,恰帕斯州,State,,MX.CP
496,MEX,Mexico,墨西哥,Chihuahua,奇瓦瓦州,State,,MX.CH
497,MEX,Mexico,墨西哥,Ciudad de Mexico,墨西哥城,State,,MX.DF
498,MEX,Mexico,墨西哥,Coahuila,科阿韦拉州,State,,MX.CA
499,MEX,Mexico,墨西哥,Colima,科利马州,Federal District,,MX.CL
500,MEX,Mexico,墨西哥,Durango,杜兰戈州,State,,MX.DU
501,MEX,Mexico,墨西哥,Guanajuato,瓜纳华托州,State,,MX.GJ
502,MEX,Mexico,墨西哥,Guerrero,格雷罗州,State,,MX.GR
503,MEX,Mexico,墨西哥,Hidalgo,伊达尔戈州,State,,MX.HI
504,MEX,Mexico,墨西哥,Jalisco,哈利斯科州,State,,MX.JA
507,MEX,Mexico,墨西哥,México,墨西哥州,State,,MX.MX
505,MEX,Mexico,墨西哥,Michoacan,米却肯州,State,,MX.MC
506,MEX,Mexico,墨西哥,Morelos,莫雷洛斯州,State,,MX.MR
508,MEX,Mexico,墨西哥,Nayarit,纳亚里特州,State,,MX.NA
509,MEX,Mexico,墨西哥,Nuevo Leon,新莱昂州,State,,MX.NL
510,MEX,Mexico,墨西哥,Oaxaca,瓦哈卡州,State,,MX.OA
511,MEX,Mexico,墨西哥,Puebla,普埃布拉州,State,,MX.PU
512,MEX,Mexico,墨西哥,Queretaro,克雷塔罗州,State,,MX.QE
513,MEX,Mexico,墨西哥,Quintana Roo,金塔纳罗奥州,State,,MX.QR
514,MEX,Mexico,墨西哥,San Luis Potosi,圣路易斯波托西州,State,,MX.SL
515,MEX,Mexico,墨西哥,Sinaloa,锡那罗亚州,State,,MX.SI
516,MEX,Mexico,墨西哥,Sonora,索诺拉州,State,,MX.SO
517,MEX,Mexico,墨西哥,Tabasco,塔巴斯科州,State,,MX.TB
518,MEX,Mexico,墨西哥,Tamaulipas,塔毛利帕斯州,State,,MX.TM
519,MEX,Mexico,墨西哥,Tlaxcala,特拉斯卡拉州,State,,MX.TL
520,MEX,Mexico,墨西哥,Veracruz,韦拉克鲁斯州,State,,MX.VE
521,MEX,Mexico,墨西哥,Yucatan,尤卡坦州,State,,MX.YU
522,MEX,Mexico,墨西哥,Zacatecas,萨卡特卡斯州,State,,MX.ZA
523,,Netherlands,荷兰,Aruba,阿鲁巴,,,
524,,Netherlands,荷兰,Curacao,库拉索,,,
525,,Netherlands,荷兰,Sint Maarten,荷属圣马丁,,,
526,,Netherlands,荷兰,Netherlands,荷兰,,,
527,,Netherlands,荷兰,Netherlands|Aa en Hunze,荷兰|Aa en Hunze,,,
528,,Netherlands,荷兰,Netherlands|Oosterhout,荷兰|Oosterhout,,,
529,,Netherlands,荷兰,Netherlands|Oost Gelre,荷兰|Oost Gelre,,,
530,,Netherlands,荷兰,Netherlands|Ommen,荷兰|Ommen,,,
531,,Netherlands,荷兰,Netherlands|Olst-Wijhe,荷兰|Olst-Wijhe,,,
532,,Netherlands,荷兰,Netherlands|Oldenzaal,荷兰|Oldenzaal,,,
533,,Netherlands,荷兰,Netherlands|Oldebroek,荷兰|Oldebroek,,,
534,,Netherlands,荷兰,Netherlands|Oldambt,荷兰|Oldambt,,,
535,,Netherlands,荷兰,Netherlands|Oirschot,荷兰|Oirschot,,,
536,,Netherlands,荷兰,Netherlands|Nunspeet,荷兰|Nunspeet,,,
537,,Netherlands,荷兰,Netherlands|Nuenen, Gerwen en Nederwetten,, Gerwen en Nederwetten,荷兰|Nuenen
538,,Netherlands,荷兰,Netherlands|Noordwijk,荷兰|Noordwijk,,,
539,,Netherlands,荷兰,Netherlands|Noordoostpolder,荷兰|Noordoostpolder,,,
540,,Netherlands,荷兰,Netherlands|Noordenveld,荷兰|Noordenveld,,,
541,,Netherlands,荷兰,Netherlands|Noord-Beveland,荷兰|Noord-Beveland,,,
542,,Netherlands,荷兰,Netherlands|Noardeast-Fryslân,荷兰|Noardeast-Fryslân,,,
543,,Netherlands,荷兰,Netherlands|Ooststellingwerf,荷兰|Ooststellingwerf,,,
544,,Netherlands,荷兰,Netherlands|Oostzaan,荷兰|Oostzaan,,,
545,,Netherlands,荷兰,Netherlands|Opmeer,荷兰|Opmeer,,,
546,,Netherlands,荷兰,Netherlands|Opsterland,荷兰|Opsterland,,,
547,,Netherlands,荷兰,Netherlands|Rijssen-Holten,荷兰|Rijssen-Holten,,,
548,,Netherlands,荷兰,Netherlands|Rhenen,荷兰|Rhenen,,,
549,,Netherlands,荷兰,Netherlands|Rheden,荷兰|Rheden,,,
550,,Netherlands,荷兰,Netherlands|Reusel-De Mierden,荷兰|Reusel-De Mierden,,,
551,,Netherlands,荷兰,Netherlands|Renswoude,荷兰|Renswoude,,,
552,,Netherlands,荷兰,Netherlands|Reimerswaal,荷兰|Reimerswaal,,,
553,,Netherlands,荷兰,Netherlands|Raalte,荷兰|Raalte,,,
554,,Netherlands,荷兰,Netherlands|Nissewaard,荷兰|Nissewaard,,,
555,,Netherlands,荷兰,Netherlands|Putten,荷兰|Putten,,,
556,,Netherlands,荷兰,Netherlands|Pekela,荷兰|Pekela,,,
557,,Netherlands,荷兰,Netherlands|Peel en Maas,荷兰|Peel en Maas,,,
558,,Netherlands,荷兰,Netherlands|Papendrecht,荷兰|Papendrecht,,,
559,,Netherlands,荷兰,Netherlands|Overbetuwe,荷兰|Overbetuwe,,,
560,,Netherlands,荷兰,Netherlands|Oudewater,荷兰|Oudewater,,,
561,,Netherlands,荷兰,Netherlands|Ouder-Amstel,荷兰|Ouder-Amstel,,,
562,,Netherlands,荷兰,Netherlands|Oude IJsselstreek,荷兰|Oude IJsselstreek,,,
563,,Netherlands,荷兰,Netherlands|Purmerend,荷兰|Purmerend,,,
564,,Netherlands,荷兰,Netherlands|Nijkerk,荷兰|Nijkerk,,,
565,,Netherlands,荷兰,Netherlands|Nieuwkoop,荷兰|Nieuwkoop,,,
566,,Netherlands,荷兰,Netherlands|Nieuwegein,荷兰|Nieuwegein,,,
567,,Netherlands,荷兰,Netherlands|Lopik,荷兰|Lopik,,,
568,,Netherlands,荷兰,Netherlands|Zwolle,荷兰|Zwolle,,,
569,,Netherlands,荷兰,Netherlands|Lochem,荷兰|Lochem,,,
570,,Netherlands,荷兰,Netherlands|Lisse,荷兰|Lisse,,,
571,,Netherlands,荷兰,Netherlands|Zoetermeer,荷兰|Zoetermeer,,,
572,,Netherlands,荷兰,Netherlands|Leusden,荷兰|Leusden,,,
573,,Netherlands,荷兰,Netherlands|Leudal,荷兰|Leudal,,,
574,,Netherlands,荷兰,Netherlands|Loppersum,荷兰|Loppersum,,,
575,,Netherlands,荷兰,Netherlands|Lelystad,荷兰|Lelystad,,,
576,,Netherlands,荷兰,Netherlands|Leiden,荷兰|Leiden,,,
577,,Netherlands,荷兰,Netherlands|Leeuwarden,荷兰|Leeuwarden,,,
578,,Netherlands,荷兰,Netherlands|Laren,荷兰|Laren,,,
579,,Netherlands,荷兰,Netherlands|Langedijk,荷兰|Langedijk,,,
580,,Netherlands,荷兰,Netherlands|Landgraaf,荷兰|Landgraaf,,,
581,,Netherlands,荷兰,Netherlands|Landerd,荷兰|Landerd,,,
582,,Netherlands,荷兰,Netherlands|Laarbeek,荷兰|Laarbeek,,,
583,,Netherlands,荷兰,Netherlands|Leiderdorp,荷兰|Leiderdorp,,,
584,,Netherlands,荷兰,Netherlands|Rijswijk,荷兰|Rijswijk,,,
585,,Netherlands,荷兰,Netherlands|Losser,荷兰|Losser,,,
586,,Netherlands,荷兰,Netherlands|Maasgouw,荷兰|Maasgouw,,,
587,,Netherlands,荷兰,Netherlands|Nederweert,荷兰|Nederweert,,,
588,,Netherlands,荷兰,Netherlands|Neder-Betuwe,荷兰|Neder-Betuwe,,,
589,,Netherlands,荷兰,Netherlands|Mook en Middelaar,荷兰|Mook en Middelaar,,,
590,,Netherlands,荷兰,Netherlands|Montfoort,荷兰|Montfoort,,,
591,,Netherlands,荷兰,Netherlands|Montferland,荷兰|Montferland,,,
592,,Netherlands,荷兰,Netherlands|Molenlanden,荷兰|Molenlanden,,,
593,,Netherlands,荷兰,Netherlands|Moerdijk,荷兰|Moerdijk,,,
594,,Netherlands,荷兰,Netherlands|Maasdriel,荷兰|Maasdriel,,,
595,,Netherlands,荷兰,Netherlands|Mill en Sint Hubert,荷兰|Mill en Sint Hubert,,,
596,,Netherlands,荷兰,Netherlands|Midden-Drenthe,荷兰|Midden-Drenthe,,,
597,,Netherlands,荷兰,Netherlands|Midden-Delfland,荷兰|Midden-Delfland,,,
598,,Netherlands,荷兰,Netherlands|Middelburg,荷兰|Middelburg,,,
599,,Netherlands,荷兰,Netherlands|Meppel,荷兰|Meppel,,,
600,,Netherlands,荷兰,Netherlands|Meerssen,荷兰|Meerssen,,,
601,,Netherlands,荷兰,Netherlands|Medemblik,荷兰|Medemblik,,,
602,,Netherlands,荷兰,Netherlands|Maassluis,荷兰|Maassluis,,,
603,,Netherlands,荷兰,Netherlands|Midden-Groningen,荷兰|Midden-Groningen,,,
604,,Netherlands,荷兰,Netherlands|Krimpenerwaard,荷兰|Krimpenerwaard,,,
605,,Netherlands,荷兰,Netherlands|Roerdalen,荷兰|Roerdalen,,,
606,,Netherlands,荷兰,Netherlands|Roosendaal,荷兰|Roosendaal,,,
607,,Netherlands,荷兰,Netherlands|Waddinxveen,荷兰|Waddinxveen,,,
608,,Netherlands,荷兰,Netherlands|Waadhoeke,荷兰|Waadhoeke,,,
609,,Netherlands,荷兰,Netherlands|Vught,荷兰|Vught,,,
610,,Netherlands,荷兰,Netherlands|Voorst,荷兰|Voorst,,,
611,,Netherlands,荷兰,Netherlands|Voorschoten,荷兰|Voorschoten,,,
612,,Netherlands,荷兰,Netherlands|Voerendaal,荷兰|Voerendaal,,,
613,,Netherlands,荷兰,Netherlands|Vlissingen,荷兰|Vlissingen,,,
614,,Netherlands,荷兰,Netherlands|Vlieland,荷兰|Vlieland,,,
615,,Netherlands,荷兰,Netherlands|Vlaardingen,荷兰|Vlaardingen,,,
616,,Netherlands,荷兰,Netherlands|Venray,荷兰|Venray,,,
617,,Netherlands,荷兰,Netherlands|Venlo,荷兰|Venlo,,,
618,,Netherlands,荷兰,Netherlands|Velsen,荷兰|Velsen,,,
619,,Netherlands,荷兰,Netherlands|Veldhoven,荷兰|Veldhoven,,,
620,,Netherlands,荷兰,Netherlands|Veere,荷兰|Veere,,,
621,,Netherlands,荷兰,Netherlands|Veenendaal,荷兰|Veenendaal,,,
622,,Netherlands,荷兰,Netherlands|Wageningen,荷兰|Wageningen,,,
623,,Netherlands,荷兰,Netherlands|Wassenaar,荷兰|Wassenaar,,,
624,,Netherlands,荷兰,Netherlands|Waterland,荷兰|Waterland,,,
625,,Netherlands,荷兰,Netherlands|Weert,荷兰|Weert,,,
626,,Netherlands,荷兰,Netherlands|Zevenaar,荷兰|Zevenaar,,,
627,,Netherlands,荷兰,Netherlands|Zandvoort,荷兰|Zandvoort,,,
628,,Netherlands,荷兰,Netherlands|Woudenberg,荷兰|Woudenberg,,,
629,,Netherlands,荷兰,Netherlands|Wormerland,荷兰|Wormerland,,,
630,,Netherlands,荷兰,Netherlands|Woensdrecht,荷兰|Woensdrecht,,,
631,,Netherlands,荷兰,Netherlands|Winterswijk,荷兰|Winterswijk,,,
632,,Netherlands,荷兰,Netherlands|Wijdemeren,荷兰|Wijdemeren,,,
633,,Netherlands,荷兰,Netherlands|Veendam,荷兰|Veendam,,,
634,,Netherlands,荷兰,Netherlands|Wijchen,荷兰|Wijchen,,,
635,,Netherlands,荷兰,Netherlands|Weststellingwerf,荷兰|Weststellingwerf,,,
636,,Netherlands,荷兰,Netherlands|Westland,荷兰|Westland,,,
637,,Netherlands,荷兰,Netherlands|Westerwolde,荷兰|Westerwolde,,,
638,,Netherlands,荷兰,Netherlands|Westervoort,荷兰|Westervoort,,,
639,,Netherlands,荷兰,Netherlands|Westerveld,荷兰|Westerveld,,,
640,,Netherlands,荷兰,Netherlands|Westerkwartier,荷兰|Westerkwartier,,,
641,,Netherlands,荷兰,Netherlands|Weesp,荷兰|Weesp,,,
642,,Netherlands,荷兰,Netherlands|Wierden,荷兰|Wierden,,,
643,,Netherlands,荷兰,Netherlands|Valkenswaard,荷兰|Valkenswaard,,,
644,,Netherlands,荷兰,Netherlands|Valkenburg aan de Geul,荷兰|Valkenburg aan de Geul,,,
645,,Netherlands,荷兰,Netherlands|Vaals,荷兰|Vaals,,,
646,,Netherlands,荷兰,Netherlands|Staphorst,荷兰|Staphorst,,,
647,,Netherlands,荷兰,Netherlands|Stadskanaal,荷兰|Stadskanaal,,,
648,,Netherlands,荷兰,Netherlands|Son en Breugel,荷兰|Son en Breugel,,,
649,,Netherlands,荷兰,Netherlands|Someren,荷兰|Someren,,,
650,,Netherlands,荷兰,Netherlands|Zutphen,荷兰|Zutphen,,,
651,,Netherlands,荷兰,Netherlands|Smallingerland,荷兰|Smallingerland,,,
652,,Netherlands,荷兰,Netherlands|Sluis,荷兰|Sluis,,,
653,,Netherlands,荷兰,Netherlands|Stede Broec,荷兰|Stede Broec,,,
654,,Netherlands,荷兰,Netherlands|Sliedrecht,荷兰|Sliedrecht,,,
655,,Netherlands,荷兰,Netherlands|Schiermonnikoog,荷兰|Schiermonnikoog,,,
656,,Netherlands,荷兰,Netherlands|Schiedam,荷兰|Schiedam,,,
657,,Netherlands,荷兰,Netherlands|Scherpenzeel,荷兰|Scherpenzeel,,,
658,,Netherlands,荷兰,Netherlands|Schagen,荷兰|Schagen,,,
659,,Netherlands,荷兰,Netherlands|Rucphen,荷兰|Rucphen,,,
660,,Netherlands,荷兰,Netherlands|Rozendaal,荷兰|Rozendaal,,,
661,,Netherlands,荷兰,Netherlands|Zwartewaterland,荷兰|Zwartewaterland,,,
662,,Netherlands,荷兰,Netherlands|Sint Anthonis,荷兰|Sint Anthonis,,,
663,,Netherlands,荷兰,Netherlands|Roermond,荷兰|Roermond,,,
664,,Netherlands,荷兰,Netherlands|Steenbergen,荷兰|Steenbergen,,,
665,,Netherlands,荷兰,Netherlands|Stein,荷兰|Stein,,,
666,,Netherlands,荷兰,Netherlands|Zuidplas,荷兰|Zuidplas,,,
667,,Netherlands,荷兰,Netherlands|Urk,荷兰|Urk,,,
668,,Netherlands,荷兰,Netherlands|Uithoorn,荷兰|Uithoorn,,,
669,,Netherlands,荷兰,Netherlands|Uitgeest,荷兰|Uitgeest,,,
670,,Netherlands,荷兰,Netherlands|Tytsjerksteradiel,荷兰|Tytsjerksteradiel,,,
671,,Netherlands,荷兰,Netherlands|Tynaarlo,荷兰|Tynaarlo,,,
672,,Netherlands,荷兰,Netherlands|Twenterand,荷兰|Twenterand,,,
673,,Netherlands,荷兰,Netherlands|Steenwijkerland,荷兰|Steenwijkerland,,,
674,,Netherlands,荷兰,Netherlands|Tubbergen,荷兰|Tubbergen,,,
675,,Netherlands,荷兰,Netherlands|Tiel,荷兰|Tiel,,,
676,,Netherlands,荷兰,Netherlands|Tholen,荷兰|Tholen,,,
677,,Netherlands,荷兰,Netherlands|Teylingen,荷兰|Teylingen,,,
678,,Netherlands,荷兰,Netherlands|Texel,荷兰|Texel,,,
679,,Netherlands,荷兰,Netherlands|Terschelling,荷兰|Terschelling,,,
680,,Netherlands,荷兰,Netherlands|Terneuzen,荷兰|Terneuzen,,,
681,,Netherlands,荷兰,Netherlands|Súdwest-Fryslân,荷兰|Súdwest-Fryslân,,,
682,,Netherlands,荷兰,Netherlands|Zundert,荷兰|Zundert,,,
683,,Netherlands,荷兰,Netherlands|Krimpen aan den IJssel,荷兰|Krimpen aan den IJssel,,,
684,,Netherlands,荷兰,Netherlands|Zoeterwoude,荷兰|Zoeterwoude,,,
685,,Netherlands,荷兰,Netherlands|Kerkrade,荷兰|Kerkrade,,,
686,,Netherlands,荷兰,Netherlands|Delfzijl,荷兰|Delfzijl,,,
687,,Netherlands,荷兰,Netherlands|De Wolden,荷兰|De Wolden,,,
688,,Netherlands,荷兰,Netherlands|De Ronde Venen,荷兰|De Ronde Venen,,,
689,,Netherlands,荷兰,Netherlands|De Fryske Marren,荷兰|De Fryske Marren,,,
690,,Netherlands,荷兰,Netherlands|Dantumadiel,荷兰|Dantumadiel,,,
691,,Netherlands,荷兰,Netherlands|Dalfsen,荷兰|Dalfsen,,,
692,,Netherlands,荷兰,Netherlands|Den Helder,荷兰|Den Helder,,,
693,,Netherlands,荷兰,Netherlands|Cuijk,荷兰|Cuijk,,,
694,,Netherlands,荷兰,Netherlands|Castricum,荷兰|Castricum,,,
695,,Netherlands,荷兰,Netherlands|Capelle aan den IJssel,荷兰|Capelle aan den IJssel,,,
696,,Netherlands,荷兰,Netherlands|Buren,荷兰|Buren,,,
697,,Netherlands,荷兰,Netherlands|Bunschoten,荷兰|Bunschoten,,,
698,,Netherlands,荷兰,Netherlands|Bunnik,荷兰|Bunnik,,,
699,,Netherlands,荷兰,Netherlands|Brunssum,荷兰|Brunssum,,,
700,,Netherlands,荷兰,Netherlands|Cranendonck,荷兰|Cranendonck,,,
701,,Netherlands,荷兰,Netherlands|Brummen,荷兰|Brummen,,,
702,,Netherlands,荷兰,Netherlands|Deurne,荷兰|Deurne,,,
703,,Netherlands,荷兰,Netherlands|Doesburg,荷兰|Doesburg,,,
704,,Netherlands,荷兰,Netherlands|Elburg,荷兰|Elburg,,,
705,,Netherlands,荷兰,Netherlands|Eijsden-Margraten,荷兰|Eijsden-Margraten,,,
706,,Netherlands,荷兰,Netherlands|Eersel,荷兰|Eersel,,,
707,,Netherlands,荷兰,Netherlands|Eemnes,荷兰|Eemnes,,,
708,,Netherlands,荷兰,Netherlands|Ede,荷兰|Ede,,,
709,,Netherlands,荷兰,Netherlands|Edam-Volendam,荷兰|Edam-Volendam,,,
710,,Netherlands,荷兰,Netherlands|Koggenland,荷兰|Koggenland,,,
711,,Netherlands,荷兰,Netherlands|Echt-Susteren,荷兰|Echt-Susteren,,,
712,,Netherlands,荷兰,Netherlands|Druten,荷兰|Druten,,,
713,,Netherlands,荷兰,Netherlands|Dronten,荷兰|Dronten,,,
714,,Netherlands,荷兰,Netherlands|Drimmelen,荷兰|Drimmelen,,,
715,,Netherlands,荷兰,Netherlands|Drechterland,荷兰|Drechterland,,,
716,,Netherlands,荷兰,Netherlands|Dordrecht,荷兰|Dordrecht,,,
717,,Netherlands,荷兰,Netherlands|Doetinchem,荷兰|Doetinchem,,,
718,,Netherlands,荷兰,Netherlands|Duiven,荷兰|Duiven,,,
719,,Netherlands,荷兰,Netherlands|Emmen,荷兰|Emmen,,,
720,,Netherlands,荷兰,Netherlands|Brielle,荷兰|Brielle,,,
721,,Netherlands,荷兰,Netherlands|Boxmeer,荷兰|Boxmeer,,,
722,,Netherlands,荷兰,Netherlands|Asten,荷兰|Asten,,,
723,,Netherlands,荷兰,Netherlands|Assen,荷兰|Assen,,,
724,,Netherlands,荷兰,Netherlands|Appingedam,荷兰|Appingedam,,,
725,,Netherlands,荷兰,Netherlands|Apeldoorn,荷兰|Apeldoorn,,,
726,,Netherlands,荷兰,Netherlands|Amersfoort,荷兰|Amersfoort,,,
727,,Netherlands,荷兰,Netherlands|Ameland,荷兰|Ameland,,,
728,,Netherlands,荷兰,Netherlands|Baarle-Nassau,荷兰|Baarle-Nassau,,,
729,,Netherlands,荷兰,Netherlands|Alphen-Chaam,荷兰|Alphen-Chaam,,,
730,,Netherlands,荷兰,Netherlands|Alkmaar,荷兰|Alkmaar,,,
731,,Netherlands,荷兰,Netherlands|Albrandswaard,荷兰|Albrandswaard,,,
732,,Netherlands,荷兰,Netherlands|Alblasserdam,荷兰|Alblasserdam,,,
733,,Netherlands,荷兰,Netherlands|Achtkarspelen,荷兰|Achtkarspelen,,,
734,,Netherlands,荷兰,Netherlands|Aalten,荷兰|Aalten,,,
735,,Netherlands,荷兰,Netherlands|Aalsmeer,荷兰|Aalsmeer,,,
736,,Netherlands,荷兰,Netherlands|Almelo,荷兰|Almelo,,,
737,,Netherlands,荷兰,Netherlands|Boxtel,荷兰|Boxtel,,,
738,,Netherlands,荷兰,Netherlands|Baarn,荷兰|Baarn,,,
739,,Netherlands,荷兰,Netherlands|Barneveld,荷兰|Barneveld,,,
740,,Netherlands,荷兰,Netherlands|Borsele,荷兰|Borsele,,,
741,,Netherlands,荷兰,Netherlands|Borger-Odoorn,荷兰|Borger-Odoorn,,,
742,,Netherlands,荷兰,Netherlands|Boekel,荷兰|Boekel,,,
743,,Netherlands,荷兰,Netherlands|Bodegraven-Reeuwijk,荷兰|Bodegraven-Reeuwijk,,,
744,,Netherlands,荷兰,Netherlands|Bladel,荷兰|Bladel,,,
745,,Netherlands,荷兰,Netherlands|Berkelland,荷兰|Berkelland,,,
746,,Netherlands,荷兰,Netherlands|Barendrecht,荷兰|Barendrecht,,,
747,,Netherlands,荷兰,Netherlands|Bergen op Zoom,荷兰|Bergen op Zoom,,,
748,,Netherlands,荷兰,Netherlands|Bergen (L),荷兰|Bergen (L),,,
749,,Netherlands,荷兰,Netherlands|Bergeijk,荷兰|Bergeijk,,,
750,,Netherlands,荷兰,Netherlands|Berg en Dal,荷兰|Berg en Dal,,,
751,,Netherlands,荷兰,Netherlands|Beesel,荷兰|Beesel,,,
752,,Netherlands,荷兰,Netherlands|Beemster,荷兰|Beemster,,,
753,,Netherlands,荷兰,Netherlands|Beek,荷兰|Beek,,,
754,,Netherlands,荷兰,Netherlands|Bergen (NH),荷兰|Bergen (NH),,,
755,,Netherlands,荷兰,Netherlands|Enkhuizen,荷兰|Enkhuizen,,,
756,,Netherlands,荷兰,Netherlands|Deventer,荷兰|Deventer,,,
757,,Netherlands,荷兰,Netherlands|Heiloo,荷兰|Heiloo,,,
758,,Netherlands,荷兰,Netherlands|Hulst,荷兰|Hulst,,,
759,,Netherlands,荷兰,Netherlands|Huizen,荷兰|Huizen,,,
760,,Netherlands,荷兰,Netherlands|Zwijndrecht,荷兰|Zwijndrecht,,,
761,,Netherlands,荷兰,Netherlands|Haaksbergen,荷兰|Haaksbergen,,,
762,,Netherlands,荷兰,Netherlands|Hilvarenbeek,荷兰|Hilvarenbeek,,,
763,,Netherlands,荷兰,Netherlands|Hendrik-Ido-Ambacht,荷兰|Hendrik-Ido-Ambacht,,,
764,,Netherlands,荷兰,Netherlands|Haaren,荷兰|Haaren,,,
765,,Netherlands,荷兰,Netherlands|Horst aan de Maas,荷兰|Horst aan de Maas,,,
766,,Netherlands,荷兰,Netherlands|Heeze-Leende,荷兰|Heeze-Leende,,,
767,,Netherlands,荷兰,Netherlands|Heerlen,荷兰|Heerlen,,,
768,,Netherlands,荷兰,Netherlands|Haarlemmermeer,荷兰|Haarlemmermeer,,,
769,,Netherlands,荷兰,Netherlands|Enschede,荷兰|Enschede,,,
770,,Netherlands,荷兰,Netherlands|Hoorn,荷兰|Hoorn,,,
771,,Netherlands,荷兰,Netherlands|Hardenberg,荷兰|Hardenberg,,,
772,,Netherlands,荷兰,Netherlands|Hoogeveen,荷兰|Hoogeveen,,,
773,,Netherlands,荷兰,Netherlands|Harderwijk,荷兰|Harderwijk,,,
774,,Netherlands,荷兰,Netherlands|Hollands Kroon,荷兰|Hollands Kroon,,,
775,,Netherlands,荷兰,Netherlands|Harlingen,荷兰|Harlingen,,,
776,,Netherlands,荷兰,Netherlands|Heerhugowaard,荷兰|Heerhugowaard,,,
777,,Netherlands,荷兰,Netherlands|Hattem,荷兰|Hattem,,,
778,,Netherlands,荷兰,Netherlands|Heemskerk,荷兰|Heemskerk,,,
779,,Netherlands,荷兰,Netherlands|Heemstede,荷兰|Heemstede,,,
780,,Netherlands,荷兰,Netherlands|Heerde,荷兰|Heerde,,,
781,,Netherlands,荷兰,Netherlands|Hof van Twente,荷兰|Hof van Twente,,,
782,,Netherlands,荷兰,Netherlands|Halderberge,荷兰|Halderberge,,,
783,,Netherlands,荷兰,Netherlands|Heerenveen,荷兰|Heerenveen,,,
784,,Netherlands,荷兰,Netherlands|Hillegom,荷兰|Hillegom,,,
785,,Netherlands,荷兰,Netherlands|Groningen,荷兰|Groningen,,,
786,,Netherlands,荷兰,Netherlands|Epe,荷兰|Epe,,,
787,,Netherlands,荷兰,Netherlands|Katwijk,荷兰|Katwijk,,,
788,,Netherlands,荷兰,Netherlands|Ermelo,荷兰|Ermelo,,,
789,,Netherlands,荷兰,Netherlands|Etten-Leur,荷兰|Etten-Leur,,,
790,,Netherlands,荷兰,Netherlands|Hellevoetsluis,荷兰|Hellevoetsluis,,,
791,,Netherlands,荷兰,Netherlands|Geertruidenberg,荷兰|Geertruidenberg,,,
792,,Netherlands,荷兰,Netherlands|Geldrop-Mierlo,荷兰|Geldrop-Mierlo,,,
793,,Netherlands,荷兰,Netherlands|Hengelo (O),荷兰|Hengelo (O),,,
794,,Netherlands,荷兰,Netherlands|Gennep,荷兰|Gennep,,,
795,,Netherlands,荷兰,Netherlands|Kapelle,荷兰|Kapelle,,,
796,,Netherlands,荷兰,Netherlands|Gilze en Rijen,荷兰|Gilze en Rijen,,,
797,,Netherlands,荷兰,Netherlands|Gulpen-Wittem,荷兰|Gulpen-Wittem,,,
798,,Netherlands,荷兰,Netherlands|Goeree-Overflakkee,荷兰|Goeree-Overflakkee,,,
799,,Netherlands,荷兰,Netherlands|Goirle,荷兰|Goirle,,,
800,,Netherlands,荷兰,Netherlands|Het Hogeland,荷兰|Het Hogeland,,,
801,,Netherlands,荷兰,Netherlands|Kampen,荷兰|Kampen,,,
802,,Netherlands,荷兰,Netherlands|Kaag en Braassem,荷兰|Kaag en Braassem,,,
803,,Netherlands,荷兰,Netherlands|IJsselstein,荷兰|IJsselstein,,,
804,,Netherlands,荷兰,Netherlands|Gorinchem,荷兰|Gorinchem,,,
805,,Netherlands,荷兰,Netherlands|Heumen,荷兰|Heumen,,,
806,,Netherlands,荷兰,Netherlands|Gouda,荷兰|Gouda,,,
807,,Netherlands,荷兰,Netherlands|Grave,荷兰|Grave,,,
808,,Netherlands,荷兰,Netherlands|Goes,荷兰|Goes,,,
809,,Netherlands,荷兰,Netherlands|Hilversum,荷兰|Hilversum,,,
810,,Netherlands,荷兰,Netherlands|Vijfheerenlanden,荷兰|Vijfheerenlanden,,,
811,,Netherlands,荷兰,Netherlands|Heusden,荷兰|Heusden,,,
812,,Netherlands,荷兰,Netherlands|West Maas en Waal,荷兰|West Maas en Waal,,,
813,,Netherlands,荷兰,Netherlands|Arnhem,荷兰|Arnhem,,,
814,,Netherlands,荷兰,Netherlands|Leidschendam-Voorburg,荷兰|Leidschendam-Voorburg,,,
815,,Netherlands,荷兰,Netherlands|Amstelveen,荷兰|Amstelveen,,,
816,,Netherlands,荷兰,Netherlands|Westvoorne,荷兰|Westvoorne,,,
817,,Netherlands,荷兰,Netherlands|Alphen aan den Rijn,荷兰|Alphen aan den Rijn,,,
818,,Netherlands,荷兰,Netherlands|Almere,荷兰|Almere,,,
819,,Netherlands,荷兰,Netherlands|Wijk bij Duurstede,荷兰|Wijk bij Duurstede,,,
820,,Netherlands,荷兰,Netherlands|Landsmeer,荷兰|Landsmeer,,,
821,,Netherlands,荷兰,Netherlands|Zaltbommel,荷兰|Zaltbommel,,,
822,,Netherlands,荷兰,Netherlands|Zeewolde,荷兰|Zeewolde,,,
823,,Netherlands,荷兰,Netherlands|Zeist,荷兰|Zeist,,,
824,,Netherlands,荷兰,Netherlands|Waalre,荷兰|Waalre,,,
825,,Netherlands,荷兰,Netherlands|Bernheze,荷兰|Bernheze,,,
826,,Netherlands,荷兰,Netherlands|Oss,荷兰|Oss,,,
827,,Netherlands,荷兰,Netherlands|Beuningen,荷兰|Beuningen,,,
828,,Netherlands,荷兰,Netherlands|Oegstgeest,荷兰|Oegstgeest,,,
829,,Netherlands,荷兰,Netherlands|Bronckhorst,荷兰|Bronckhorst,,,
830,,Netherlands,荷兰,Netherlands|Delft,荷兰|Delft,,,
831,,Netherlands,荷兰,Netherlands|Schouwen-Duiveland,荷兰|Schouwen-Duiveland,,,
832,,Netherlands,荷兰,Netherlands|Haarlem,荷兰|Haarlem,,,
833,,Netherlands,荷兰,Netherlands|Ridderkerk,荷兰|Ridderkerk,,,
834,,Netherlands,荷兰,Netherlands|Dinkelland,荷兰|Dinkelland,,,
835,,Netherlands,荷兰,Netherlands|Hellendoorn,荷兰|Hellendoorn,,,
836,,Netherlands,荷兰,Netherlands|Bloemendaal,荷兰|Bloemendaal,,,
837,,Netherlands,荷兰,Netherlands|Blaricum,荷兰|Blaricum,,,
838,,Netherlands,荷兰,Netherlands|Utrechtse Heuvelrug,荷兰|Utrechtse Heuvelrug,,,
839,,Netherlands,荷兰,Netherlands|Renkum,荷兰|Renkum,,,
840,,Netherlands,荷兰,Netherlands|Gemert-Bakel,荷兰|Gemert-Bakel,,,
841,,Netherlands,荷兰,Netherlands|Best,荷兰|Best,,,
842,,Netherlands,荷兰,Netherlands|Meierijstad,荷兰|Meierijstad,,,
843,,Netherlands,荷兰,Netherlands|Culemborg,荷兰|Culemborg,,,
844,,Netherlands,荷兰,Netherlands|'s-Gravenhage,荷兰|'s-Gravenhage,,,
845,,Netherlands,荷兰,Netherlands|Dongen,荷兰|Dongen,,,
846,,Netherlands,荷兰,Netherlands|Lansingerland,荷兰|Lansingerland,,,
847,,Netherlands,荷兰,Netherlands|'s-Hertogenbosch,荷兰|'s-Hertogenbosch,,,
848,,Netherlands,荷兰,Netherlands|Woerden,荷兰|Woerden,,,
849,,Netherlands,荷兰,Netherlands|Gooise Meren,荷兰|Gooise Meren,,,
850,,Netherlands,荷兰,Netherlands|Zaanstad,荷兰|Zaanstad,,,
851,,Netherlands,荷兰,Netherlands|Pijnacker-Nootdorp,荷兰|Pijnacker-Nootdorp,,,
852,,Netherlands,荷兰,Netherlands|Diemen,荷兰|Diemen,,,
853,,Netherlands,荷兰,Netherlands|Simpelveld,荷兰|Simpelveld,,,
854,,Netherlands,荷兰,Netherlands|Lingewaard,荷兰|Lingewaard,,,
855,,Netherlands,荷兰,Netherlands|Breda,荷兰|Breda,,,
856,,Netherlands,荷兰,Netherlands|West Betuwe,荷兰|West Betuwe,,,
857,,Netherlands,荷兰,Netherlands|Nijmegen,荷兰|Nijmegen,,,
858,,Netherlands,荷兰,Netherlands|Beekdaelen,荷兰|Beekdaelen,,,
859,,Netherlands,荷兰,Netherlands|Borne,荷兰|Borne,,,
860,,Netherlands,荷兰,Netherlands|Hoeksche Waard,荷兰|Hoeksche Waard,,,
861,,Netherlands,荷兰,Netherlands|Maastricht,荷兰|Maastricht,,,
862,,Netherlands,荷兰,Netherlands|Beverwijk,荷兰|Beverwijk,,,
863,,Netherlands,荷兰,Netherlands|Oisterwijk,荷兰|Oisterwijk,,,
864,,Netherlands,荷兰,Netherlands|Sint-Michielsgestel,荷兰|Sint-Michielsgestel,,,
865,,Netherlands,荷兰,Netherlands|Amsterdam,荷兰|Amsterdam,,,
866,,Netherlands,荷兰,Netherlands|Waalwijk,荷兰|Waalwijk,,,
867,,Netherlands,荷兰,Netherlands|Coevorden,荷兰|Coevorden,,,
868,,Netherlands,荷兰,Netherlands|Hardinxveld-Giessendam,荷兰|Hardinxveld-Giessendam,,,
869,,Netherlands,荷兰,Netherlands|Altena,荷兰|Altena,,,
870,,Netherlands,荷兰,Netherlands|Helmond,荷兰|Helmond,,,
871,,Netherlands,荷兰,Netherlands|Eindhoven,荷兰|Eindhoven,,,
872,,Netherlands,荷兰,Netherlands|Stichtse Vecht,荷兰|Stichtse Vecht,,,
873,,Netherlands,荷兰,Netherlands|Sittard-Geleen,荷兰|Sittard-Geleen,,,
874,,Netherlands,荷兰,Netherlands|Uden,荷兰|Uden,,,
875,,Netherlands,荷兰,Netherlands|De Bilt,荷兰|De Bilt,,,
876,,Netherlands,荷兰,Netherlands|Loon op Zand,荷兰|Loon op Zand,,,
877,,Netherlands,荷兰,Netherlands|Soest,荷兰|Soest,,,
878,,Netherlands,荷兰,Netherlands|Tilburg,荷兰|Tilburg,,,
879,,Netherlands,荷兰,Netherlands|Rotterdam,荷兰|Rotterdam,,,
880,,Netherlands,荷兰,Netherlands|Utrecht,荷兰|Utrecht,,,
881,,Netherlands,荷兰,Netherlands|Houten,荷兰|Houten,,,
882,,Netherlands,荷兰,Netherlands|Súdwest Fryslân,荷兰|Súdwest Fryslân,,,
883,,Netherlands,荷兰,Netherlands|BeekDaelen,荷兰|BeekDaelen,,,
884,,Netherlands,荷兰,Netherlands|Other,荷兰|Other,,,
885,,Netherlands,荷兰,Netherlands|Hengelo,荷兰|Hengelo,,,
886,,Netherlands,荷兰,Netherlands|s-Gravenhage,荷兰|s-Gravenhage,,,
887,,Netherlands,荷兰,Netherlands|Noardeast-FryslÃ¢n,荷兰|Noardeast-FryslÃ¢n,,,
888,,Netherlands,荷兰,Netherlands|SÃºdwest-FryslÃ¢n,荷兰|SÃºdwest-FryslÃ¢n,,,
889,,Netherlands,荷兰,Bonaire, Sint Eustatius and Saba,,,荷兰加勒比区
894,,Norway,挪威,Agder,阿格德尔郡,,,
896,,Norway,挪威,Innlandet,内陆郡,,,
891,,Norway,挪威,Møre og Romsdal,默勒-鲁姆斯达尔郡,,,
890,,Norway,挪威,Nordland,诺尔兰郡,,,
899,,Norway,挪威,Oslo,奥斯陆,,,
901,,Norway,挪威,Outside mainland Norway,挪威本土外,,,
898,,Norway,挪威,Rogaland,罗加兰郡,,,
892,,Norway,挪威,Troms og Finnmark,特罗姆斯-芬马克郡,,,
895,,Norway,挪威,Trøndelag,特伦德拉格郡,,,
893,,Norway,挪威,Vestfold og Telemark,西福尔-泰勒马克郡,,,
897,,Norway,挪威,Vestland,韦斯特兰郡,,,
900,,Norway,挪威,Viken,维肯郡,,,
902,,Pakistan,巴基斯坦,Sindh,信德省,,,
903,,Pakistan,巴基斯坦,Punjab,旁遮普省,,,
904,,Pakistan,巴基斯坦,Balochistan,俾路支省,,,
905,,Pakistan,巴基斯坦,Khyber Pakhtunkhwa,开伯尔-普什图省,,,
906,,Pakistan,巴基斯坦,Islamabad,伊斯兰堡,,,
907,,Pakistan,巴基斯坦,Gilgit-Baltistan,吉尔吉特-巴尔蒂斯坦,,,
908,,Pakistan,巴基斯坦,Azad Kashmir,阿扎德克什米尔,,,
909,,Peru,秘鲁,Amazonas,亚马孙省,,,
910,,Peru,秘鲁,Ancash,安卡什大区,,,
911,,Peru,秘鲁,Apurimac,阿普里马克大区,,,
912,,Peru,秘鲁,Arequipa,阿雷基帕大区,,,
913,,Peru,秘鲁,Ayacucho,阿亚库乔大区,,,
914,,Peru,秘鲁,Cajamarca,卡哈马卡大区,,,
915,,Peru,秘鲁,Callao,卡亚俄大区,,,
916,,Peru,秘鲁,Cusco,库斯科大区,,,
917,,Peru,秘鲁,Huancavelica,万卡韦利卡大区,,,
918,,Peru,秘鲁,Huanuco,瓦努科大区,,,
919,,Peru,秘鲁,Ica,伊卡大区,,,
920,,Peru,秘鲁,Junin,胡宁大区,,,
921,,Peru,秘鲁,La Libertad,拉利伯塔德大区,,,
922,,Peru,秘鲁,Lambayeque,兰巴耶克大区,,,
923,,Peru,秘鲁,Lima,利马大区,,,
924,,Peru,秘鲁,Loreto,洛雷托大区,,,
925,,Peru,秘鲁,Madre de Dios,马德雷德迪奥斯大区,,,
926,,Peru,秘鲁,Moquegua,莫克瓜大区,,,
927,,Peru,秘鲁,Pasco,帕斯科大区,,,
928,,Peru,秘鲁,Piura,皮乌拉大区,,,
929,,Peru,秘鲁,Puno,普诺大区,,,
930,,Peru,秘鲁,San Martin,圣马丁大区,,,
931,,Peru,秘鲁,Tacna,塔克纳大区,,,
932,,Peru,秘鲁,Tumbes,通贝斯大区,,,
933,,Peru,秘鲁,Ucayali,乌卡亚利大区,,,
934,,Philippines,菲律宾,Metro Manila,马尼拉都会区,,,
935,,Philippines,菲律宾,Metro Manila|Valenzuela City,马尼拉都会区|Valenzuela City,,,
936,,Philippines,菲律宾,Metro Manila|Quezon City,马尼拉都会区|Quezon City,,,
937,,Philippines,菲律宾,Metro Manila|City of Manila,马尼拉都会区|City of Manila,,,
938,,Philippines,菲律宾,Metro Manila|Parañaque City,马尼拉都会区|Parañaque City,,,
939,,Philippines,菲律宾,Metro Manila|Las Piñas City,马尼拉都会区|Las Piñas City,,,
940,,Philippines,菲律宾,Metro Manila|Makati City,马尼拉都会区|Makati City,,,
941,,Philippines,菲律宾,Metro Manila|Caloocan City,马尼拉都会区|Caloocan City,,,
942,,Philippines,菲律宾,Metro Manila|Marikina City,马尼拉都会区|Marikina City,,,
943,,Philippines,菲律宾,Metro Manila|Muntinlupa City,马尼拉都会区|Muntinlupa City,,,
944,,Philippines,菲律宾,Metro Manila|Pasig City,马尼拉都会区|Pasig City,,,
945,,Philippines,菲律宾,Metro Manila|Taguig City,马尼拉都会区|Taguig City,,,
946,,Philippines,菲律宾,Metro Manila|Pasay City,马尼拉都会区|Pasay City,,,
947,,Philippines,菲律宾,Metro Manila|Mandaluyong City,马尼拉都会区|Mandaluyong City,,,
948,,Philippines,菲律宾,Metro Manila|Malabon City,马尼拉都会区|Malabon City,,,
949,,Philippines,菲律宾,Metro Manila|San Juan City,马尼拉都会区|San Juan City,,,
950,,Philippines,菲律宾,Metro Manila|Pateros,马尼拉都会区|Pateros,,,
951,,Philippines,菲律宾,Samar,萨马省,,,
952,,Philippines,菲律宾,Samar|Calbayog City,萨马省|Calbayog City,,,
953,,Philippines,菲律宾,Cavite,甲米地省,,,
954,,Philippines,菲律宾,Cavite|Bacoor City,甲米地省|Bacoor City,,,
955,,Philippines,菲律宾,Cavite|Cavite City,甲米地省|Cavite City,,,
956,,Philippines,菲律宾,Cavite|Dasmariñas City,甲米地省|Dasmariñas City,,,
957,,Philippines,菲律宾,Cavite|General Trias City,甲米地省|General Trias City,,,
958,,Philippines,菲律宾,Cavite|Carmona,甲米地省|Carmona,,,
959,,Philippines,菲律宾,Cavite|Naic,甲米地省|Naic,,,
960,,Philippines,菲律宾,Cavite|Rosario,甲米地省|Rosario,,,
961,,Philippines,菲律宾,Cavite|City of General Trias,甲米地省|City of General Trias,,,
962,,Philippines,菲律宾,Cagayan,卡加延省,,,
963,,Philippines,菲律宾,Cagayan|Piat,卡加延省|Piat,,,
964,,Philippines,菲律宾,Cagayan|Tuguegarao City,卡加延省|Tuguegarao City,,,
965,,Philippines,菲律宾,Cagayan|Gattaran,卡加延省|Gattaran,,,
966,,Philippines,菲律宾,Cagayan|Tuao,卡加延省|Tuao,,,
967,,Philippines,菲律宾,Aklan,阿克兰省,,,
968,,Philippines,菲律宾,Aklan|Kalibo,阿克兰省|Kalibo,,,
969,,Philippines,菲律宾,Aklan|Libacao,阿克兰省|Libacao,,,
970,,Philippines,菲律宾,Aklan|Malay,阿克兰省|Malay,,,
971,,Philippines,菲律宾,Negros Occidental,西内格罗斯省,,,
972,,Philippines,菲律宾,Negros Occidental|Bacolod City,西内格罗斯省|Bacolod City,,,
973,,Philippines,菲律宾,Negros Occidental|Enrique B. Magalona,西内格罗斯省|Enrique B. Magalona,,,
974,,Philippines,菲律宾,Negros Occidental|La Carlota City,西内格罗斯省|La Carlota City,,,
975,,Philippines,菲律宾,Iloilo,伊洛伊洛省,,,
976,,Philippines,菲律宾,Iloilo|Guimbal,伊洛伊洛省|Guimbal,,,
977,,Philippines,菲律宾,Iloilo|Iloilo City,伊洛伊洛省|Iloilo City,,,
978,,Philippines,菲律宾,Iloilo|Lambunao,伊洛伊洛省|Lambunao,,,
979,,Philippines,菲律宾,Iloilo|Miagao,伊洛伊洛省|Miagao,,,
980,,Philippines,菲律宾,Iloilo|Barotac Nuevo,伊洛伊洛省|Barotac Nuevo,,,
981,,Philippines,菲律宾,Rizal,黎刹省,,,
982,,Philippines,菲律宾,Rizal|Taytay,黎刹省|Taytay,,,
983,,Philippines,菲律宾,Rizal|Antipolo City,黎刹省|Antipolo City,,,
984,,Philippines,菲律宾,Rizal|Teresa,黎刹省|Teresa,,,
985,,Philippines,菲律宾,Rizal|Morong,黎刹省|Morong,,,
986,,Philippines,菲律宾,Rizal|Cainta,黎刹省|Cainta,,,
987,,Philippines,菲律宾,Rizal|San Mateo,黎刹省|San Mateo,,,
988,,Philippines,菲律宾,Rizal|Rodriguez,黎刹省|Rodriguez,,,
989,,Philippines,菲律宾,Rizal|Binangonan,黎刹省|Binangonan,,,
990,,Philippines,菲律宾,Abra,阿布拉省,,,
991,,Philippines,菲律宾,Abra|Sallapadan,阿布拉省|Sallapadan,,,
992,,Philippines,菲律宾,Capiz,卡皮斯省,,,
993,,Philippines,菲律宾,Capiz|Roxas City,卡皮斯省|Roxas City,,,
994,,Philippines,菲律宾,Capiz|Jamindan,卡皮斯省|Jamindan,,,
995,,Philippines,菲律宾,Bulacan,布拉干省,,,
996,,Philippines,菲律宾,Bulacan|Meycauayan City,布拉干省|Meycauayan City,,,
997,,Philippines,菲律宾,Bulacan|San Jose Del Monte City,布拉干省|San Jose Del Monte City,,,
998,,Philippines,菲律宾,Bulacan|Marilao,布拉干省|Marilao,,,
999,,Philippines,菲律宾,Bulacan|Calumpit,布拉干省|Calumpit,,,
1000,,Philippines,菲律宾,Bulacan|Santa Maria,布拉干省|Santa Maria,,,
1001,,Philippines,菲律宾,Bulacan|Pulilan,布拉干省|Pulilan,,,
1002,,Philippines,菲律宾,Bulacan|Bulacan,布拉干省|Bulacan,,,
1003,,Philippines,菲律宾,Bulacan|Malolos City,布拉干省|Malolos City,,,
1004,,Philippines,菲律宾,Bulacan|Bocaue,布拉干省|Bocaue,,,
1005,,Philippines,菲律宾,Bulacan|Baliuag,布拉干省|Baliuag,,,
1006,,Philippines,菲律宾,Bulacan|City of San Jose Del Monte,布拉干省|City of San Jose Del Monte,,,
1007,,Philippines,菲律宾,Bulacan|City of Malolos,布拉干省|City of Malolos,,,
1008,,Philippines,菲律宾,Bulacan|San Ildefonso,布拉干省|San Ildefonso,,,
1009,,Philippines,菲律宾,Bulacan|City of Meycauayan,布拉干省|City of Meycauayan,,,
1010,,Philippines,菲律宾,Laguna,内湖省,,,
1011,,Philippines,菲律宾,Laguna|Biñan City,内湖省|Biñan City,,,
1012,,Philippines,菲律宾,Laguna|San Pedro City,内湖省|San Pedro City,,,
1013,,Philippines,菲律宾,Laguna|Santa Rosa City,内湖省|Santa Rosa City,,,
1014,,Philippines,菲律宾,Laguna|Lumban,内湖省|Lumban,,,
1015,,Philippines,菲律宾,Laguna|City of Biñan,内湖省|City of Biñan,,,
1016,,Philippines,菲律宾,Laguna|City of Santa Rosa,内湖省|City of Santa Rosa,,,
1017,,Philippines,菲律宾,Laguna|Cabuyao City,内湖省|Cabuyao City,,,
1018,,Philippines,菲律宾,Laguna|City of Calamba,内湖省|City of Calamba,,,
1019,,Philippines,菲律宾,Laguna|City of San Pedro,内湖省|City of San Pedro,,,
1020,,Philippines,菲律宾,Batangas,八打雁省,,,
1021,,Philippines,菲律宾,Batangas|Tanauan City,八打雁省|Tanauan City,,,
1022,,Philippines,菲律宾,Batangas|Lipa City,八打雁省|Lipa City,,,
1023,,Philippines,菲律宾,Batangas|Batangas City,八打雁省|Batangas City,,,
1024,,Philippines,菲律宾,Batangas|Nasugbu,八打雁省|Nasugbu,,,
1025,,Philippines,菲律宾,Batangas|City of Tanauan,八打雁省|City of Tanauan,,,
1026,,Philippines,菲律宾,Cebu,宿务省,,,
1027,,Philippines,菲律宾,Cebu|Mandaue City,宿务省|Mandaue City,,,
1028,,Philippines,菲律宾,Cebu|Talisay City,宿务省|Talisay City,,,
1029,,Philippines,菲律宾,Cebu|Cebu City,宿务省|Cebu City,,,
1030,,Philippines,菲律宾,Cebu|Cordova,宿务省|Cordova,,,
1031,,Philippines,菲律宾,Cebu|Lapu-Lapu City,宿务省|Lapu-Lapu City,,,
1032,,Philippines,菲律宾,Negros Oriental,东内格罗斯省,,,
1033,,Philippines,菲律宾,Negros Oriental|Jimalalud,东内格罗斯省|Jimalalud,,,
1034,,Philippines,菲律宾,Negros Oriental|Dumaguete City,东内格罗斯省|Dumaguete City,,,
1035,,Philippines,菲律宾,Nueva Ecija,新怡诗夏省,,,
1036,,Philippines,菲律宾,Nueva Ecija|Cabanatuan City,新怡诗夏省|Cabanatuan City,,,
1037,,Philippines,菲律宾,Nueva Ecija|San Antonio,新怡诗夏省|San Antonio,,,
1038,,Philippines,菲律宾,Nueva Ecija|Gapan City,新怡诗夏省|Gapan City,,,
1039,,Philippines,菲律宾,Nueva Ecija|Licab,新怡诗夏省|Licab,,,
1040,,Philippines,菲律宾,Nueva Ecija|General Mamerto Natividad,新怡诗夏省|General Mamerto Natividad,,,
1041,,Philippines,菲律宾,Nueva Ecija|San Isidro,新怡诗夏省|San Isidro,,,
1042,,Philippines,菲律宾,Benguet,本格特省,,,
1043,,Philippines,菲律宾,Benguet|La Trinidad,本格特省|La Trinidad,,,
1044,,Philippines,菲律宾,Benguet|Baguio City,本格特省|Baguio City,,,
1045,,Philippines,菲律宾,Zamboanga del Sur,南三宝颜省,,,
1046,,Philippines,菲律宾,Zamboanga del Sur|Zamboanga City,南三宝颜省|Zamboanga City,,,
1047,,Philippines,菲律宾,Zamboanga del Sur|Labangan,南三宝颜省|Labangan,,,
1048,,Philippines,菲律宾,Pampanga,邦板牙省,,,
1049,,Philippines,菲律宾,Pampanga|Apalit,邦板牙省|Apalit,,,
1050,,Philippines,菲律宾,Pampanga|San Simon,邦板牙省|San Simon,,,
1051,,Philippines,菲律宾,Pampanga|Mabalacat City,邦板牙省|Mabalacat City,,,
1052,,Philippines,菲律宾,Pampanga|Macabebe,邦板牙省|Macabebe,,,
1053,,Philippines,菲律宾,Pampanga|Floridablanca,邦板牙省|Floridablanca,,,
1054,,Philippines,菲律宾,Pampanga|San Fernando City,邦板牙省|San Fernando City,,,
1055,,Philippines,菲律宾,Pampanga|Bacolor,邦板牙省|Bacolor,,,
1056,,Philippines,菲律宾,Bataan,巴坦省,,,
1057,,Philippines,菲律宾,Bataan|Balanga City,巴坦省|Balanga City,,,
1058,,Philippines,菲律宾,Bataan|Samal,巴坦省|Samal,,,
1059,,Philippines,菲律宾,Bataan|Orion,巴坦省|Orion,,,
1060,,Philippines,菲律宾,Davao del Sur,南达沃省,,,
1061,,Philippines,菲律宾,Davao del Sur|Davao City,南达沃省|Davao City,,,
1062,,Philippines,菲律宾,La Union,拉乌尼翁省,,,
1063,,Philippines,菲律宾,La Union|Burgos,拉乌尼翁省|Burgos,,,
1064,,Philippines,菲律宾,La Union|Caba,拉乌尼翁省|Caba,,,
1065,,Philippines,菲律宾,Tarlac,丹辘省,,,
1066,,Philippines,菲律宾,Tarlac|Camiling,丹辘省|Camiling,,,
1067,,Philippines,菲律宾,Tarlac|Tarlac City,丹辘省|Tarlac City,,,
1068,,Philippines,菲律宾,Tarlac|Capas,丹辘省|Capas,,,
1069,,Philippines,菲律宾,Tarlac|Paniqui,丹辘省|Paniqui,,,
1070,,Philippines,菲律宾,Tarlac|Gerona,丹辘省|Gerona,,,
1071,,Philippines,菲律宾,Lanao del Norte,北拉瑙省,,,
1072,,Philippines,菲律宾,Lanao del Norte|Iligan City,北拉瑙省|Iligan City,,,
1073,,Philippines,菲律宾,Lanao del Sur,南拉瑙省,,,
1074,,Philippines,菲律宾,Lanao del Sur|Marantao,南拉瑙省|Marantao,,,
1075,,Philippines,菲律宾,Lanao del Sur|Marawi City,南拉瑙省|Marawi City,,,
1076,,Philippines,菲律宾,Pangasinan,邦阿西楠省,,,
1077,,Philippines,菲律宾,Pangasinan|Urdaneta City,邦阿西楠省|Urdaneta City,,,
1078,,Philippines,菲律宾,Pangasinan|Bayambang,邦阿西楠省|Bayambang,,,
1079,,Philippines,菲律宾,Zambales,三描礼士省,,,
1080,,Philippines,菲律宾,Zambales|Olongapo City,三描礼士省|Olongapo City,,,
1081,,Philippines,菲律宾,Zambales|Cabangan,三描礼士省|Cabangan,,,
1082,,Philippines,菲律宾,Nueva Vizcaya,新比斯开省,,,
1083,,Philippines,菲律宾,Nueva Vizcaya|Alfonso Castaneda,新比斯开省|Alfonso Castaneda,,,
1084,,Philippines,菲律宾,Nueva Vizcaya|Bayombong,新比斯开省|Bayombong,,,
1085,,Philippines,菲律宾,Nueva Vizcaya|Solano,新比斯开省|Solano,,,
1086,,Philippines,菲律宾,Oriental Mindoro,东民都洛省,,,
1087,,Philippines,菲律宾,Oriental Mindoro|Calapan City,东民都洛省|Calapan City,,,
1088,,Philippines,菲律宾,Isabela,伊莎贝拉省,,,
1089,,Philippines,菲律宾,Isabela|Alicia,伊莎贝拉省|Alicia,,,
1090,,Philippines,菲律宾,Isabela|Echague,伊莎贝拉省|Echague,,,
1091,,Philippines,菲律宾,Sultan Kudarat,苏丹库达拉省,,,
1092,,Philippines,菲律宾,Sultan Kudarat|Lambayong,苏丹库达拉省|Lambayong,,,
1093,,Philippines,菲律宾,Misamis Oriental,东米萨米斯省,,,
1094,,Philippines,菲律宾,Misamis Oriental|Cagayan De Oro City,东米萨米斯省|Cagayan De Oro City,,,
1095,,Philippines,菲律宾,Northern Samar,北萨马省,,,
1096,,Philippines,菲律宾,Northern Samar|Catarman,北萨马省|Catarman,,,
1097,,Philippines,菲律宾,Quezon,奎松省,,,
1098,,Philippines,菲律宾,Quezon|Sariaya,奎松省|Sariaya,,,
1099,,Philippines,菲律宾,Quezon|Lucena City,奎松省|Lucena City,,,
1100,,Philippines,菲律宾,Palawan,巴拉望省,,,
1101,,Philippines,菲律宾,Palawan|Puerto Princesa City,巴拉望省|Puerto Princesa City,,,
1102,,Philippines,菲律宾,Maguindanao,马京达瑙省,,,
1103,,Philippines,菲律宾,Maguindanao|Cotabato City,马京达瑙省|Cotabato City,,,
1104,,Philippines,菲律宾,Davao de Oro,金达沃省,,,
1105,,Philippines,菲律宾,Camarines Sur,南甘马粦省,,,
1115,,Poland,波兰,Greater Poland,大波兰省,,,
1111,,Poland,波兰,Kuyavian-Pomeranian,库亚维-波美拉尼亚省,,,
1109,,Poland,波兰,Lesser Poland,小波兰省,,,
1120,,Poland,波兰,Łódź,罗兹省,,,
1119,,Poland,波兰,Lower Silesian,下西里西亚省,,,
1117,,Poland,波兰,Lublin,卢布林省,,,
1107,,Poland,波兰,Lubusz,卢布斯卡省,,,
1121,,Poland,波兰,Masovian,马佐夫舍省,,,
1113,,Poland,波兰,Opole,奥波莱省,,,
1116,,Poland,波兰,Podkarpackie,喀尔巴阡山省,,,
1106,,Poland,波兰,Podlaskie,波德拉谢省,,,
1112,,Poland,波兰,Pomeranian,波美拉尼亚省,,,
1118,,Poland,波兰,Silesian,西里西亚省,,,
1108,,Poland,波兰,Świętokrzyskie,圣十字省,,,
1114,,Poland,波兰,Warmian-Masurian,瓦尔米亚-马祖里省,,,
1110,,Poland,波兰,West Pomeranian,西波美拉尼亚省,,,
1122,,Portugal,葡萄牙,Norte,北部,,,
1123,,Portugal,葡萄牙,Centro,中部,,,
1124,,Portugal,葡萄牙,Lisbon and Tagus Valley,里斯本与塔霍河谷,,,
1125,,Portugal,葡萄牙,Alentejo,阿连特茹,,,
1126,,Portugal,葡萄牙,Algarve,阿尔加维,,,
1127,,Portugal,葡萄牙,Azores,亚速尔自治区,,,
1128,,Portugal,葡萄牙,Madeira,马德拉自治区,,,
1129,,Portugal,葡萄牙,Foreigners,外国人,,,
1130,,Romania,罗马尼亚,Suceava,苏恰瓦县,,,
1131,,Romania,罗马尼亚,București,布加勒斯特,,,
1132,,Romania,罗马尼亚,Neamț,尼亚姆茨县,,,
1133,,Romania,罗马尼亚,Timiș,蒂米什县,,,
1134,,Romania,罗马尼亚,Arad,阿拉德县,,,
1135,,Romania,罗马尼亚,Hunedoara,胡内多阿拉县,,,
1136,,Romania,罗马尼亚,Botoșani,博托沙尼县,,,
1137,,Romania,罗马尼亚,Brașov,布拉索夫县,,,
1138,,Romania,罗马尼亚,Mureș,穆列什县,,,
1139,,Romania,罗马尼亚,Galați,加拉茨县,,,
1140,,Romania,罗马尼亚,Bihor,比霍尔县,,,
1141,,Romania,罗马尼亚,Cluj,克鲁日县,,,
1142,,Romania,罗马尼亚,Vrancea,弗朗恰县,,,
1143,,Romania,罗马尼亚,Constanța,康斯坦察县,,,
1144,,Romania,罗马尼亚,Ilfov,伊尔福夫县,,,
1145,,Romania,罗马尼亚,Alba,阿尔巴县,,,
1146,,Romania,罗马尼亚,Iași,雅西县,,,
1147,,Romania,罗马尼亚,Sibiu,锡比乌县,,,
1148,,Romania,罗马尼亚,Covasna,科瓦斯纳县,,,
1149,,Romania,罗马尼亚,Ialomița,雅洛米察县,,,
1150,,Romania,罗马尼亚,Bacău,巴克乌县,,,
1151,,Romania,罗马尼亚,Bistrița-Năsăud,比斯特里察-讷瑟乌德县,,,
1152,,Romania,罗马尼亚,Giurgiu,久尔久县,,,
1153,,Romania,罗马尼亚,Teleorman,特列奥尔曼县,,,
1154,,Romania,罗马尼亚,Argeș,阿尔杰什县,,,
1155,,Romania,罗马尼亚,Caraș-Severin,卡拉什-塞维林县,,,
1156,,Romania,罗马尼亚,Dolj,多尔日县,,,
1157,,Romania,罗马尼亚,Maramureș,马拉穆列什县,,,
1158,,Romania,罗马尼亚,Vaslui,瓦斯卢伊县,,,
1159,,Romania,罗马尼亚,Prahova,普拉霍瓦县,,,
1160,,Romania,罗马尼亚,Călărași,克勒拉希县,,,
1161,,Romania,罗马尼亚,Satu Mare,萨图马雷县,,,
1162,,Romania,罗马尼亚,Dâmbovița,登博维察县,,,
1163,,Romania,罗马尼亚,Mehedinți,梅赫丁茨县,,,
1164,,Romania,罗马尼亚,Tulcea,图尔恰县,,,
1165,,Romania,罗马尼亚,Sălaj,瑟拉日县,,,
1166,,Romania,罗马尼亚,Brăila,布勒伊拉县,,,
1167,,Romania,罗马尼亚,Vâlcea,沃尔恰县,,,
1168,,Romania,罗马尼亚,Buzău,布泽乌县,,,
1169,,Romania,罗马尼亚,Olt,奥尔特县,,,
1170,,Romania,罗马尼亚,Gorj,戈尔日县,,,
1171,,Romania,罗马尼亚,Harghita,哈尔吉塔县,,,
1172,RUS,Russia,俄罗斯,Moscow,莫斯科,City,,RU.MC
1173,RUS,Russia,俄罗斯,Saint Petersburg,圣彼得堡,City,601,RU.SP
1174,RUS,Russia,俄罗斯,Moscow Oblast,莫斯科州,Region,,RU.MS
1175,RUS,Russia,俄罗斯,Samara Oblast,萨马拉州,Region,,RU.SA
1176,RUS,Russia,俄罗斯,Saha Republic,萨哈共和国,Republic,,RU.SK
1177,RUS,Russia,俄罗斯,Sverdlov Oblast,斯维尔德洛夫斯克州,Region,,RU.SV
1178,RUS,Russia,俄罗斯,Kaliningrad Oblast,加里宁格勒州,Region,,RU.KN
1179,RUS,Russia,俄罗斯,Kirov Oblast,基洛夫州,Region,,RU.KV
1180,RUS,Russia,俄罗斯,Novosibirsk Oblast,新西伯利亚州,Region,,RU.NS
1181,RUS,Russia,俄罗斯,Krasnoyarskiy Kray,克拉斯诺亚尔斯克边疆区,Territory,6209,RU.KX
1182,RUS,Russia,俄罗斯,Tambov Oblast,坦波夫州,Region,,RU.TB
1183,RUS,Russia,俄罗斯,Lipetsk Oblast,利佩茨克州,Region,,RU.LP
1184,RUS,Russia,俄罗斯,Tver Oblast,特维尔州,Region,,RU.TV
1185,RUS,Russia,俄罗斯,Habarovskiy Kray,哈巴罗夫斯克边疆区,Territory,,RU.KH
1186,RUS,Russia,俄罗斯,Tumen Oblast,秋明州,Region,,RU.TY
1187,RUS,Russia,俄罗斯,Tula Oblast,图拉州,Region,,RU.TL
1188,RUS,Russia,俄罗斯,Perm Oblast,彼尔姆边疆区,Territory,,RU.PE
1189,RUS,Russia,俄罗斯,Nizhegorodskaya Oblast,下诺夫哥罗德州,Region,,RU.NZ
1190,RUS,Russia,俄罗斯,Krasnodarskiy Kray,拉斯诺达尔边疆区,Territory,,RU.KD
1191,RUS,Russia,俄罗斯,Voronezh Oblast,沃罗涅日州,Region,,RU.VR
1192,RUS,Russia,俄罗斯,Kemerovo Oblast,科麦罗沃州,Region,,RU.KE
1193,RUS,Russia,俄罗斯,Republic of Hakassia,哈卡斯共和国,Republic,,RU.KK
1194,RUS,Russia,俄罗斯,Murmansk Oblast,摩尔曼斯克州,Region,,RU.MM
1195,RUS,Russia,俄罗斯,Komi Republic,科米共和国,Republic,,RU.KO
1196,RUS,Russia,俄罗斯,Kaluga Oblast,卡卢加州,Region,,RU.KG
1197,RUS,Russia,俄罗斯,Ivanovo Oblast,伊万诺沃州,Region,,RU.IV
1198,RUS,Russia,俄罗斯,Zabaykalskiy Kray,外贝加尔边疆区,Territory,,RU.ZB
1199,RUS,Russia,俄罗斯,Tomsk Oblast,托木斯克州,Region,,RU.TO
1200,RUS,Russia,俄罗斯,Arkhangelsk Oblast,阿尔汉格尔斯克州,Region,,RU.AR
1201,RUS,Russia,俄罗斯,Ryazan Oblast,梁赞州,Region,,RU.RZ
1202,RUS,Russia,俄罗斯,Republic of Chuvashia,楚瓦什共和国,Republic,,RU.CV
1203,RUS,Russia,俄罗斯,Ulianovsk Oblast,乌里扬诺夫斯克州,Region,,RU.UL
1204,RUS,Russia,俄罗斯,Yaroslavl Oblast,雅罗斯拉夫尔州,Region,,RU.YS
1205,RUS,Russia,俄罗斯,Pensa Oblast,奔萨州,Region,,RU.PZ
1206,RUS,Russia,俄罗斯,Belgorod Oblast,别尔哥罗德州,Region,,RU.BL
1207,RUS,Russia,俄罗斯,Hanty-Mansiyskiy AO,汉特-曼西自治区,Autonomous Province,,RU.KM
1208,RUS,Russia,俄罗斯,Leningradskaya Oblast,列宁格勒州,Region,,RU.LN
1209,RUS,Russia,俄罗斯,Orenburg Oblast,奥伦堡州,Region,,RU.OB
1210,RUS,Russia,俄罗斯,Saratov Oblast,萨拉托夫州,Region,,RU.SR
1211,RUS,Russia,俄罗斯,Republic of Tatarstan,鞑靼斯坦共和国,Republic,,RU.TT
1212,RUS,Russia,俄罗斯,Kurgan Oblast,库尔干州,Region,,RU.KU
1213,RUS,Russia,俄罗斯,Republic of Kabardino-Balkaria,卡巴尔达-巴尔卡尔共和国,Republic,,RU.KB
1214,RUS,Russia,俄罗斯,Cheliabinsk Oblast,车里雅宾斯克州,Region,,RU.CL
1215,RUS,Russia,俄罗斯,Stavropolskiy Kray,斯塔夫罗波尔边疆区,Territory,,RU.ST
1216,RUS,Russia,俄罗斯,Briansk Oblast,布良斯克州,Region,,RU.BR
1217,RUS,Russia,俄罗斯,Republic of Udmurtia,乌德穆尔特共和国,Republic,,RU.UD
1218,RUS,Russia,俄罗斯,Novgorod Oblast,诺夫哥罗德州,Region,,RU.NG
1219,RUS,Russia,俄罗斯,Republic of Crimea,克里米亚共和国,,,
1220,RUS,Russia,俄罗斯,Republic of Bashkortostan,巴什科尔托斯坦共和国,Republic,,RU.BK
1221,RUS,Russia,俄罗斯,Chechen Republic,车臣共和国,Republic,,RU.CN
1222,RUS,Russia,俄罗斯,Primorskiy Kray,滨海边疆区,Territory,,RU.PR
1223,RUS,Russia,俄罗斯,Volgograd Oblast,伏尔加格勒州,Region,,RU.VG
1224,RUS,Russia,俄罗斯,Orel Oblast,奥廖尔州,Region,,RU.OL
1225,RUS,Russia,俄罗斯,Pskov Oblast,普斯科夫州,Region,,RU.PS
1226,RUS,Russia,俄罗斯,Rostov Oblast,罗斯托夫州,Region,,RU.RO
1227,RUS,Russia,俄罗斯,Republic of Buriatia,布里亚特共和国,Republic,,RU.BU
1228,RUS,Russia,俄罗斯,Republic of Mordovia,莫尔多瓦共和国,Republic,,RU.MR
1229,RUS,Russia,俄罗斯,Republic of Dagestan,达吉斯坦共和国,Republic,,RU.DA
1230,RUS,Russia,俄罗斯,Sakhalin Oblast,萨哈林州,Region,,RU.SL
1231,RUS,Russia,俄罗斯,Kostroma Oblast,科斯特罗马州,Region,,RU.KT
1232,RUS,Russia,俄罗斯,Smolensk Oblast,斯摩棱斯克州,Region,,RU.SM
1233,RUS,Russia,俄罗斯,Republic of Adygeia,阿迪格共和国,Republic,,RU.AD
1234,RUS,Russia,俄罗斯,Omsk Oblast,鄂木斯克州,Region,,RU.OM
1235,RUS,Russia,俄罗斯,Irkutsk Oblast,伊尔库茨克州,Region,,RU.IK
1236,RUS,Russia,俄罗斯,Amursk Oblast,阿穆尔州,Region,,RU.AM
1237,RUS,Russia,俄罗斯,Altayskiy Kray,阿尔泰边疆区,Territory,,RU.AL
1238,RUS,Russia,俄罗斯,Vladimir Oblast,弗拉基米尔州,Region,,RU.VL
1239,RUS,Russia,俄罗斯,Vologda Oblast,沃洛格达州,Region,,RU.VO
1240,RUS,Russia,俄罗斯,Republic of Kalmykia,卡尔梅克共和国,Republic,,RU.KL
1241,RUS,Russia,俄罗斯,Republic of Mariy El,马里埃尔共和国,Republic,,RU.ME
1242,RUS,Russia,俄罗斯,Astrahan Oblast,阿斯特拉罕州,Region,,RU.AS
1243,RUS,Russia,俄罗斯,Magadan Oblast,马加丹州,Region,7009,RU.MG
1244,RUS,Russia,俄罗斯,Sevastopol,塞瓦斯托波尔,,,
1245,RUS,Russia,俄罗斯,Kursk Oblast,库尔斯克州,Region,,RU.KS
1246,RUS,Russia,俄罗斯,Republic of North Osetia-Alania,北奥塞梯-阿兰共和国,Republic,,RU.NO
1247,RUS,Russia,俄罗斯,Yamalo-Nenetskiy AO,亚马尔-涅涅茨自治区,Autonomous Province,,RU.YN
1248,RUS,Russia,俄罗斯,Jewish Autonomous Oblast,犹太自治州,Autonomous Region,6701,RU.YV
1249,RUS,Russia,俄罗斯,Ingushetia Republic,印古什共和国,Republic,4201,RU.IN
1250,RUS,Russia,俄罗斯,Kamchatskiy Kray,堪察加边疆区,Territory,,RU.KQ
1251,RUS,Russia,俄罗斯,Republic of Karelia,卡累利阿共和国,Republic,,RU.KI
1252,RUS,Russia,俄罗斯,Republic of Karachaevo-Cherkessia,卡拉恰伊-切尔克斯共和国,Republic,,RU.KC
1253,RUS,Russia,俄罗斯,Republic of Tyva,图瓦共和国,Republic,,RU.TU
1254,RUS,Russia,俄罗斯,Nenetskiy Autonomous Oblast,涅涅茨自治区,Autonomous Province,,RU.NN
1255,RUS,Russia,俄罗斯,Chukotskiy Autonomous Oblast,楚科奇自治区,Autonomous Province,7001,RU.CK
,RUS,Russia,俄罗斯,Altai Republic,阿尔泰共和国,Republic,,RU.GA
1256,,Saudi Arabia,沙特阿拉伯,Tabuk,塔布克省,,,
1257,,Saudi Arabia,沙特阿拉伯,Eastern Province,东部省,,,
1258,,Saudi Arabia,沙特阿拉伯,Makkah,麦加省,,,
1259,,Saudi Arabia,沙特阿拉伯,Qassim,盖西姆省,,,
1260,,Saudi Arabia,沙特阿拉伯,Najran,奈季兰省,,,
1261,,Saudi Arabia,沙特阿拉伯,Ha'il,哈伊勒省,,,
1262,,Saudi Arabia,沙特阿拉伯,Riyadh,利雅得省,,,
1263,,Saudi Arabia,沙特阿拉伯,Asir,阿西尔省,,,
1264,,Saudi Arabia,沙特阿拉伯,Jizan,吉赞省,,,
1265,,Saudi Arabia,沙特阿拉伯,Medina,麦地那省,,,
1266,,Saudi Arabia,沙特阿拉伯,Al Bahah,巴哈省,,,
1267,,Saudi Arabia,沙特阿拉伯,Northern Borders,北部边疆省,,,
1268,ZAF,South Africa,南非,Eastern Cape,东开普省,Province,EC,ZA.EC
1269,ZAF,South Africa,南非,Free State,自由邦省,Province,FS,ZA.FS
1270,ZAF,South Africa,南非,Gauteng,豪登省,Province,GT,ZA.GT
1271,ZAF,South Africa,南非,KwaZulu-Natal,夸祖鲁-纳塔尔省,Province,KZN,ZA.NL
1272,ZAF,South Africa,南非,Limpopo,林波波省,Province,LIM,ZA.NP
1273,ZAF,South Africa,南非,Mpumalanga,普马兰加省,Province,MP,ZA.MP
1274,ZAF,South Africa,南非,Northern Cape,北开普省,Province,NC,ZA.NC
1275,ZAF,South Africa,南非,North West,西北省,Province,NW,ZA.NW
1276,ZAF,South Africa,南非,Western Cape,西开普省,Province,WC,ZA.WC
1277,ZAF,South Africa,南非,Unknown,未知地区,,,
1278,ESP,Spain,西班牙,Andalucía,安达卢西亚,Autonomous Community,ES61,ES.AN
1279,ESP,Spain,西班牙,Aragón,阿拉贡,Autonomous Community,ES24,ES.AR
1280,ESP,Spain,西班牙,Asturias,阿斯图里亚斯,Autonomous Community,ES12,ES.AS
1281,ESP,Spain,西班牙,Baleares,巴利阿里群岛,Autonomous Community,ES53,ES.PM
1282,ESP,Spain,西班牙,Canarias,加那利群岛,Autonomous Community,ES70,ES.CN
1283,ESP,Spain,西班牙,Cantabria,坎塔布里亚,Autonomous Community,ES13,ES.CB
1284,ESP,Spain,西班牙,Castilla-La Mancha,卡斯蒂利亚-拉曼恰,Autonomous Community,ES42,ES.CM
1285,ESP,Spain,西班牙,Castilla y León,卡斯蒂利亚-莱昂,Autonomous Community,ES41,ES.CL
1286,ESP,Spain,西班牙,Cataluña,加泰罗尼亚,Autonomous Community,ES51,ES.CT
1287,ESP,Spain,西班牙,Ceuta,休达,Autonomous Community,ES63,ES.CE
1288,ESP,Spain,西班牙,C. Valenciana,巴伦西亚,Autonomous Community,ES52,ES.VC
1289,ESP,Spain,西班牙,Extremadura,埃斯特雷马杜拉,Autonomous Community,ES43,ES.EX
1290,ESP,Spain,西班牙,Galicia,加利西亚,Autonomous Community,ES11,ES.GA
1291,ESP,Spain,西班牙,Madrid,马德里,Autonomous Community,ES30,ES.MD
1292,ESP,Spain,西班牙,Melilla,梅利利亚,Autonomous City,ES64,ES.ML
1293,ESP,Spain,西班牙,Murcia,穆尔西亚,Autonomous Community,ES62,ES.MU
1294,ESP,Spain,西班牙,Navarra,纳瓦拉,Autonomous Community,ES22,ES.NA
1295,ESP,Spain,西班牙,País Vasco,巴斯克,Autonomous Community,ES21,ES.PV
1296,ESP,Spain,西班牙,La Rioja,拉里奥哈省,Autonomous Community,ES23,ES.LO
1297,SWE,Sweden,瑞典,Gotland,哥特兰省,,,SE.GT
1298,SWE,Sweden,瑞典,Dalarna,达拉纳省,,,SE.KO
1299,SWE,Sweden,瑞典,Västmanland,西曼兰省,,,SE.VR
1300,SWE,Sweden,瑞典,Norrbotten,北博滕省,,,SE.NB
1301,SWE,Sweden,瑞典,Kalmar,卡尔马省,,,SE.KA
1302,SWE,Sweden,瑞典,Gävleborg,耶夫勒堡省,,,SE.GV
1303,SWE,Sweden,瑞典,Örebro,厄勒布鲁省,,,SE.OR
1304,SWE,Sweden,瑞典,Blekinge,布莱金厄省,,,SE.BL
1305,SWE,Sweden,瑞典,Västernorrland,西诺尔兰省,,,SE.VN
1306,SWE,Sweden,瑞典,Västerbotten,西博滕省,,,SE.VB
1307,SWE,Sweden,瑞典,Kronoberg,克鲁努贝里省,,,SE.KR
1308,SWE,Sweden,瑞典,Södermanland,南曼兰省,,,SE.SD
1309,SWE,Sweden,瑞典,Jämtland,耶姆特兰省,,,SE.JA
1310,SWE,Sweden,瑞典,Östergötland,东约特兰省,,,SE.OG
1311,SWE,Sweden,瑞典,Värmland,韦姆兰省,,,SE.VR
1312,SWE,Sweden,瑞典,Uppsala,乌普萨拉省,,,SE.UP
1313,SWE,Sweden,瑞典,Halland,哈兰省,,,SE.HA
1314,SWE,Sweden,瑞典,Jönköping,延雪平省,,,SE.JO
1315,SWE,Sweden,瑞典,Västra Götaland,西约塔兰省,,,SE.VG
1316,SWE,Sweden,瑞典,Skåne,斯科讷省,,,SE.SN
1317,SWE,Sweden,瑞典,Stockholm,斯德哥尔摩省,,,SE.ST
1318,CHE,Switzerland,瑞士,Aargau,阿尔高州,,,CH.AG
1319,CHE,Switzerland,瑞士,Appenzell Innerrhoden,内阿彭策尔州,,,CH.AI
1320,CHE,Switzerland,瑞士,Appenzell Ausserrhoden,外阿彭策尔州,,,CH.AR
1321,CHE,Switzerland,瑞士,Bern,伯尔尼州,,,CH.BE
1322,CHE,Switzerland,瑞士,Basel-Landschaft,巴塞尔乡村州,,,CH.BL
1323,CHE,Switzerland,瑞士,Basel-Stadt,巴塞尔城市州,,,CH.BS
1324,CHE,Switzerland,瑞士,Fribourg,弗里堡州,,,CH.FR
1325,CHE,Switzerland,瑞士,Genève,日内瓦州,,,CH.GE
1326,CHE,Switzerland,瑞士,Glarus,格拉鲁斯州,,,CH.GL
1327,CHE,Switzerland,瑞士,Graubünden,格劳宾登州,,,CH.GR
1328,CHE,Switzerland,瑞士,Jura,汝拉州,,,CH.JU
1329,CHE,Switzerland,瑞士,Luzern,卢塞恩州,,,CH.LU
1330,CHE,Switzerland,瑞士,Neuchâtel,纳沙泰尔州,,,CH.NE
1331,CHE,Switzerland,瑞士,Nidwalden,下瓦尔登州,,,CH.NW
1332,CHE,Switzerland,瑞士,Obwalden,上瓦尔登州,,,CH.OW
1333,CHE,Switzerland,瑞士,St. Gallen,圣加仑州,,,CH.SG
1334,CHE,Switzerland,瑞士,Schaffhausen,沙夫豪森州,,,CH.SH
1335,CHE,Switzerland,瑞士,Solothurn,索洛图恩州,,,CH.SO
1336,CHE,Switzerland,瑞士,Schwyz,施维茨州,,,CH.SZ
1337,CHE,Switzerland,瑞士,Thurgau,图尔高州,,,CH.TG
1338,CHE,Switzerland,瑞士,Ticino,提契诺州,,,CH.TI
1339,CHE,Switzerland,瑞士,Uri,乌里州,,,CH.UR
1340,CHE,Switzerland,瑞士,Vaud,沃州,,,CH.VD
1341,CHE,Switzerland,瑞士,Valais,瓦莱州,,,CH.VS
1342,CHE,Switzerland,瑞士,Zug,楚格州,,,CH.ZG
1343,CHE,Switzerland,瑞士,Zürich,苏黎世州,,,CH.ZH
1344,,Thailand,泰国,Bangkok,曼谷,,,
1345,,Thailand,泰国,Narathiwat,那拉提瓦府,,,
1346,,Thailand,泰国,Khon Kaen,孔敬府,,,
1347,,Thailand,泰国,Yala,也拉府,,,
1348,,Thailand,泰国,Phuket,普吉府,,,
1349,,Thailand,泰国,Chumphon,春蓬府,,,
1350,,Thailand,泰国,Nonthaburi,暖武里府,,,
1351,,Thailand,泰国,Pattani,北大年府,,,
1352,,Thailand,泰国,Satun,沙敦府,,,
1353,,Thailand,泰国,Samut Prakan,沙没巴干府,,,
1354,,Thailand,泰国,Loei,黎府,,,
1355,,Thailand,泰国,Phang Nga,攀牙府,,,
1356,,Thailand,泰国,Nakhon Si Thammarat,那空是贪玛叻府,,,
1357,,Thailand,泰国,Chonburi,春武里府,,,
1358,,Thailand,泰国,Nakhon Phanom,那空拍侬府,,,
1359,,Thailand,泰国,Samut Sakhon,沙没沙空府,,,
1360,,Thailand,泰国,Pathum Thani,巴吞他尼府,,,
1361,,Thailand,泰国,Prachinburi,巴真府,,,
1362,,Thailand,泰国,Phatthalung,博他仑府,,,
1363,,Thailand,泰国,Songkhla,宋卡府,,,
1364,,Thailand,泰国,Chachoengsao,差春骚府,,,
1365,,Thailand,泰国,Surat Thani,素叻府,,,
1366,,Thailand,泰国,Nakhon Sawan,那空沙旺府,,,
1367,,Thailand,泰国,Phayao,帕尧府,,,
1368,,Thailand,泰国,Phitsanulok,彭世洛府,,,
1369,,Thailand,泰国,Chaiyaphum,猜也蓬府,,,
1370,,Thailand,泰国,Trang,董里府,,,
1371,,Thailand,泰国,Chiang Mai,清迈府,,,
1372,,Thailand,泰国,Lampang,南邦府,,,
1373,,Thailand,泰国,Krabi,甲米府,,,
1374,,Thailand,泰国,Nakhon Pathom,佛统府,,,
1375,,Thailand,泰国,Nakhon Ratchasima,那空叻差是玛府,,,
1376,,Thailand,泰国,Suphan Buri,素攀府,,,
1377,,Thailand,泰国,Ubon Ratchathani,乌汶府,,,
1378,,Thailand,泰国,Sa Kaeo,沙缴府,,,
1379,,Thailand,泰国,Surin,素林府,,,
1380,,Thailand,泰国,Sakon Nakhon,沙功那空府,,,
1381,,Thailand,泰国,Prachuap Khiri Khan,巴蜀府,,,
1382,,Thailand,泰国,Phra Nakhon Si Ayutthaya,大城府,,,
1383,,Thailand,泰国,Rayong,罗勇府,,,
1384,,Thailand,泰国,Nong Khai,廊开府,,,
1385,,Thailand,泰国,Kalasin,加拉信府,,,
1386,,Thailand,泰国,Phetchaburi,佛丕府,,,
1387,,Thailand,泰国,Lamphun,南奔府,,,
1388,,Thailand,泰国,Amnat Charoen,安纳乍伦府,,,
1389,,Thailand,泰国,Samut Songkhram,沙没颂堪府,,,
1390,,Thailand,泰国,Nakhon Nayok,那空那育府,,,
1391,,Thailand,泰国,Chiang Rai,清莱府,,,
1392,,Thailand,泰国,Kanchanaburi,北碧府,,,
1393,,Thailand,泰国,Buriram,武里南府,,,
1394,,Thailand,泰国,Saraburi,北标府,,,
1395,,Thailand,泰国,Sisaket,四色菊府,,,
1396,,Thailand,泰国,Nong Bua Lamphu,农磨兰普府,,,
1397,,Thailand,泰国,Uttaradit,程逸府,,,
1398,,Thailand,泰国,Tak,达府,,,
1399,,Thailand,泰国,Mae Hong Son,夜丰颂府,,,
1400,,Thailand,泰国,Ratchaburi,叻武里府,,,
1401,,Thailand,泰国,Mukdahan,穆达汉府,,,
1402,,Thailand,泰国,Udon Thani,乌隆府,,,
1403,,Thailand,泰国,Roi Et,黎逸府,,,
1404,,Thailand,泰国,Chanthaburi,庄他武里府,,,
1405,,Thailand,泰国,Uthai Thani,乌泰他尼府,,,
1406,,Thailand,泰国,Maha Sarakham,马哈沙拉堪府,,,
1407,,Thailand,泰国,Lopburi,华富里府,,,
1408,,Thailand,泰国,Yasothon,益梭通府,,,
1409,,Thailand,泰国,Phetchabun,碧差汶府,,,
1410,,Thailand,泰国,Sukhothai,素可泰府,,,
1411,,Thailand,泰国,Phrae,帕府,,,
1412,GBR,United Kingdom,英国,England,英格兰,,,
1413,GBR,United Kingdom,英国,England|Greater London,英格兰|Greater London,,,
1414,GBR,United Kingdom,英国,England|Greater London|Barking and Dagenham,英格兰|Greater London|Barking and Dagenham,,,
1415,GBR,United Kingdom,英国,England|Greater London|Barnet,英格兰|Greater London|Barnet,,,
1416,GBR,United Kingdom,英国,England|Greater London|Bexley,英格兰|Greater London|Bexley,,,
1417,GBR,United Kingdom,英国,England|Greater London|Brent,英格兰|Greater London|Brent,,,
1418,GBR,United Kingdom,英国,England|Greater London|Bromley,英格兰|Greater London|Bromley,,,
1419,GBR,United Kingdom,英国,England|Greater London|Camden,英格兰|Greater London|Camden,,,
1420,GBR,United Kingdom,英国,England|Greater London|City of London,英格兰|Greater London|City of London,,,
1421,GBR,United Kingdom,英国,England|Greater London|Croydon,英格兰|Greater London|Croydon,,,
1422,GBR,United Kingdom,英国,England|Greater London|Ealing,英格兰|Greater London|Ealing,,,
1423,GBR,United Kingdom,英国,England|Greater London|Enfield,英格兰|Greater London|Enfield,,,
1424,GBR,United Kingdom,英国,England|Greater London|Greenwich,英格兰|Greater London|Greenwich,,,
1425,GBR,United Kingdom,英国,England|Greater London|Hackney,英格兰|Greater London|Hackney,,,
1426,GBR,United Kingdom,英国,England|Greater London|Hammersmith and Fulham,英格兰|Greater London|Hammersmith and Fulham,,,
1427,GBR,United Kingdom,英国,England|Greater London|Haringey,英格兰|Greater London|Haringey,,,
1428,GBR,United Kingdom,英国,England|Greater London|Harrow,英格兰|Greater London|Harrow,,,
1429,GBR,United Kingdom,英国,England|Greater London|Havering,英格兰|Greater London|Havering,,,
1430,GBR,United Kingdom,英国,England|Greater London|Hillingdon,英格兰|Greater London|Hillingdon,,,
1431,GBR,United Kingdom,英国,England|Greater London|Hounslow,英格兰|Greater London|Hounslow,,,
1432,GBR,United Kingdom,英国,England|Greater London|Islington,英格兰|Greater London|Islington,,,
1433,GBR,United Kingdom,英国,England|Greater London|Kensington and Chelsea,英格兰|Greater London|Kensington and Chelsea,,,
1434,GBR,United Kingdom,英国,England|Greater London|Kingston upon Thames,英格兰|Greater London|Kingston upon Thames,,,
1435,GBR,United Kingdom,英国,England|Greater London|Lambeth,英格兰|Greater London|Lambeth,,,
1436,GBR,United Kingdom,英国,England|Greater London|Lewisham,英格兰|Greater London|Lewisham,,,
1437,GBR,United Kingdom,英国,England|Greater London|Merton,英格兰|Greater London|Merton,,,
1438,GBR,United Kingdom,英国,England|Greater London|Newham,英格兰|Greater London|Newham,,,
1439,GBR,United Kingdom,英国,England|Greater London|Redbridge,英格兰|Greater London|Redbridge,,,
1440,GBR,United Kingdom,英国,England|Greater London|Richmond upon Thames,英格兰|Greater London|Richmond upon Thames,,,
1441,GBR,United Kingdom,英国,England|Greater London|Southwark,英格兰|Greater London|Southwark,,,
1442,GBR,United Kingdom,英国,England|Greater London|Sutton,英格兰|Greater London|Sutton,,,
1443,GBR,United Kingdom,英国,England|Greater London|Tower Hamlets,英格兰|Greater London|Tower Hamlets,,,
1444,GBR,United Kingdom,英国,England|Greater London|Waltham Forest,英格兰|Greater London|Waltham Forest,,,
1445,GBR,United Kingdom,英国,England|Greater London|Wandsworth,英格兰|Greater London|Wandsworth,,,
1446,GBR,United Kingdom,英国,England|Greater London|Westminster,英格兰|Greater London|Westminster,,,
1447,GBR,United Kingdom,英国,England|Greater London|Hackney and City of London,英格兰|Greater London|Hackney and City of London,,,
1448,GBR,United Kingdom,英国,England|Barnsley,英格兰|Barnsley,,,
1449,GBR,United Kingdom,英国,England|Bath and North East Somerset,英格兰|Bath and North East Somerset,,,
1450,GBR,United Kingdom,英国,England|Bedford,英格兰|Bedford,,,
1451,GBR,United Kingdom,英国,England|Birmingham,英格兰|Birmingham,,,
1452,GBR,United Kingdom,英国,England|Blackburn with Darwen,英格兰|Blackburn with Darwen,,,
1453,GBR,United Kingdom,英国,England|Blackpool,英格兰|Blackpool,,,
1454,GBR,United Kingdom,英国,England|Bolton,英格兰|Bolton,,,
1455,GBR,United Kingdom,英国,England|Bracknell Forest,英格兰|Bracknell Forest,,,
1456,GBR,United Kingdom,英国,England|Bradford,英格兰|Bradford,,,
1457,GBR,United Kingdom,英国,England|Brighton and Hove,英格兰|Brighton and Hove,,,
1458,GBR,United Kingdom,英国,England|Bristol,英格兰|Bristol,,,
1459,GBR,United Kingdom,英国,England|Buckinghamshire,英格兰|Buckinghamshire,,,
1460,GBR,United Kingdom,英国,England|Bury,英格兰|Bury,,,
1461,GBR,United Kingdom,英国,England|Calderdale,英格兰|Calderdale,,,
1462,GBR,United Kingdom,英国,England|Cambridgeshire,英格兰|Cambridgeshire,,,
1463,GBR,United Kingdom,英国,England|Central Bedfordshire,英格兰|Central Bedfordshire,,,
1464,GBR,United Kingdom,英国,England|Cheshire East,英格兰|Cheshire East,,,
1465,GBR,United Kingdom,英国,England|Cheshire West and Chester,英格兰|Cheshire West and Chester,,,
1466,GBR,United Kingdom,英国,England|Cornwall,英格兰|Cornwall,,,
1467,GBR,United Kingdom,英国,England|Durham,英格兰|Durham,,,
1468,GBR,United Kingdom,英国,England|Coventry,英格兰|Coventry,,,
1469,GBR,United Kingdom,英国,England|Cumbria,英格兰|Cumbria,,,
1470,GBR,United Kingdom,英国,England|Darlington,英格兰|Darlington,,,
1471,GBR,United Kingdom,英国,England|Derby,英格兰|Derby,,,
1472,GBR,United Kingdom,英国,England|Derbyshire,英格兰|Derbyshire,,,
1473,GBR,United Kingdom,英国,England|Devon,英格兰|Devon,,,
1474,GBR,United Kingdom,英国,England|Doncaster,英格兰|Doncaster,,,
1475,GBR,United Kingdom,英国,England|Dorset,英格兰|Dorset,,,
1476,GBR,United Kingdom,英国,England|Dudley,英格兰|Dudley,,,
1477,GBR,United Kingdom,英国,England|East Riding of Yorkshire,英格兰|East Riding of Yorkshire,,,
1478,GBR,United Kingdom,英国,England|East Sussex,英格兰|East Sussex,,,
1479,GBR,United Kingdom,英国,England|Essex,英格兰|Essex,,,
1480,GBR,United Kingdom,英国,England|Gateshead,英格兰|Gateshead,,,
1481,GBR,United Kingdom,英国,England|Gloucestershire,英格兰|Gloucestershire,,,
1482,GBR,United Kingdom,英国,England|Halton,英格兰|Halton,,,
1483,GBR,United Kingdom,英国,England|Hampshire,英格兰|Hampshire,,,
1484,GBR,United Kingdom,英国,England|Hartlepool,英格兰|Hartlepool,,,
1485,GBR,United Kingdom,英国,England|Herefordshire,英格兰|Herefordshire,,,
1486,GBR,United Kingdom,英国,England|Hertfordshire,英格兰|Hertfordshire,,,
1487,GBR,United Kingdom,英国,England|Isle of Wight,英格兰|Isle of Wight,,,
1488,GBR,United Kingdom,英国,England|Isles of Scilly,英格兰|Isles of Scilly,,,
1489,GBR,United Kingdom,英国,England|Kent,英格兰|Kent,,,
1490,GBR,United Kingdom,英国,England|Kingston upon Hull,英格兰|Kingston upon Hull,,,
1491,GBR,United Kingdom,英国,England|Kirklees,英格兰|Kirklees,,,
1492,GBR,United Kingdom,英国,England|Knowsley,英格兰|Knowsley,,,
1493,GBR,United Kingdom,英国,England|Lancashire,英格兰|Lancashire,,,
1494,GBR,United Kingdom,英国,England|Leeds,英格兰|Leeds,,,
1495,GBR,United Kingdom,英国,England|Leicester,英格兰|Leicester,,,
1496,GBR,United Kingdom,英国,England|Leicestershire,英格兰|Leicestershire,,,
1497,GBR,United Kingdom,英国,England|Lincolnshire,英格兰|Lincolnshire,,,
1498,GBR,United Kingdom,英国,England|Liverpool,英格兰|Liverpool,,,
1499,GBR,United Kingdom,英国,England|Luton,英格兰|Luton,,,
1500,GBR,United Kingdom,英国,England|Manchester,英格兰|Manchester,,,
1501,GBR,United Kingdom,英国,England|Medway,英格兰|Medway,,,
1502,GBR,United Kingdom,英国,England|Middlesbrough,英格兰|Middlesbrough,,,
1503,GBR,United Kingdom,英国,England|Milton Keynes,英格兰|Milton Keynes,,,
1504,GBR,United Kingdom,英国,England|Newcastle upon Tyne,英格兰|Newcastle upon Tyne,,,
1505,GBR,United Kingdom,英国,England|Norfolk,英格兰|Norfolk,,,
1506,GBR,United Kingdom,英国,England|North East Lincolnshire,英格兰|North East Lincolnshire,,,
1507,GBR,United Kingdom,英国,England|North Lincolnshire,英格兰|North Lincolnshire,,,
1508,GBR,United Kingdom,英国,England|North Somerset,英格兰|North Somerset,,,
1509,GBR,United Kingdom,英国,England|North Tyneside,英格兰|North Tyneside,,,
1510,GBR,United Kingdom,英国,England|North Yorkshire,英格兰|North Yorkshire,,,
1511,GBR,United Kingdom,英国,England|Northamptonshire,英格兰|Northamptonshire,,,
1512,GBR,United Kingdom,英国,England|Northumberland,英格兰|Northumberland,,,
1513,GBR,United Kingdom,英国,England|Nottingham,英格兰|Nottingham,,,
1514,GBR,United Kingdom,英国,England|Nottinghamshire,英格兰|Nottinghamshire,,,
1515,GBR,United Kingdom,英国,England|Oldham,英格兰|Oldham,,,
1516,GBR,United Kingdom,英国,England|Oxfordshire,英格兰|Oxfordshire,,,
1517,GBR,United Kingdom,英国,England|Peterborough,英格兰|Peterborough,,,
1518,GBR,United Kingdom,英国,England|Plymouth,英格兰|Plymouth,,,
1519,GBR,United Kingdom,英国,England|Portsmouth,英格兰|Portsmouth,,,
1520,GBR,United Kingdom,英国,England|Reading,英格兰|Reading,,,
1521,GBR,United Kingdom,英国,England|Redcar and Cleveland,英格兰|Redcar and Cleveland,,,
1522,GBR,United Kingdom,英国,England|Rochdale,英格兰|Rochdale,,,
1523,GBR,United Kingdom,英国,England|Rotherham,英格兰|Rotherham,,,
1524,GBR,United Kingdom,英国,England|Rutland,英格兰|Rutland,,,
1525,GBR,United Kingdom,英国,England|Salford,英格兰|Salford,,,
1526,GBR,United Kingdom,英国,England|Sandwell,英格兰|Sandwell,,,
1527,GBR,United Kingdom,英国,England|Sefton,英格兰|Sefton,,,
1528,GBR,United Kingdom,英国,England|Sheffield,英格兰|Sheffield,,,
1529,GBR,United Kingdom,英国,England|Shropshire,英格兰|Shropshire,,,
1530,GBR,United Kingdom,英国,England|Slough,英格兰|Slough,,,
1531,GBR,United Kingdom,英国,England|Solihull,英格兰|Solihull,,,
1532,GBR,United Kingdom,英国,England|Somerset,英格兰|Somerset,,,
1533,GBR,United Kingdom,英国,England|South Gloucestershire,英格兰|South Gloucestershire,,,
1534,GBR,United Kingdom,英国,England|South Tyneside,英格兰|South Tyneside,,,
1535,GBR,United Kingdom,英国,England|Southampton,英格兰|Southampton,,,
1536,GBR,United Kingdom,英国,England|Southend-on-Sea,英格兰|Southend-on-Sea,,,
1537,GBR,United Kingdom,英国,England|Saint Helens,英格兰|Saint Helens,,,
1538,GBR,United Kingdom,英国,England|Staffordshire,英格兰|Staffordshire,,,
1539,GBR,United Kingdom,英国,England|Stockport,英格兰|Stockport,,,
1540,GBR,United Kingdom,英国,England|Stockton-on-Tees,英格兰|Stockton-on-Tees,,,
1541,GBR,United Kingdom,英国,England|Stoke-on-Trent,英格兰|Stoke-on-Trent,,,
1542,GBR,United Kingdom,英国,England|Suffolk,英格兰|Suffolk,,,
1543,GBR,United Kingdom,英国,England|Sunderland,英格兰|Sunderland,,,
1544,GBR,United Kingdom,英国,England|Surrey,英格兰|Surrey,,,
1545,GBR,United Kingdom,英国,England|Swindon,英格兰|Swindon,,,
1546,GBR,United Kingdom,英国,England|Tameside,英格兰|Tameside,,,
1547,GBR,United Kingdom,英国,England|Telford and Wrekin,英格兰|Telford and Wrekin,,,
1548,GBR,United Kingdom,英国,England|Thurrock,英格兰|Thurrock,,,
1549,GBR,United Kingdom,英国,England|Torbay,英格兰|Torbay,,,
1550,GBR,United Kingdom,英国,England|Trafford,英格兰|Trafford,,,
1551,GBR,United Kingdom,英国,England|Wakefield,英格兰|Wakefield,,,
1552,GBR,United Kingdom,英国,England|Walsall,英格兰|Walsall,,,
1553,GBR,United Kingdom,英国,England|Warrington,英格兰|Warrington,,,
1554,GBR,United Kingdom,英国,England|Warwickshire,英格兰|Warwickshire,,,
1555,GBR,United Kingdom,英国,England|West Berkshire,英格兰|West Berkshire,,,
1556,GBR,United Kingdom,英国,England|West Sussex,英格兰|West Sussex,,,
1557,GBR,United Kingdom,英国,England|Wigan,英格兰|Wigan,,,
1558,GBR,United Kingdom,英国,England|Wiltshire,英格兰|Wiltshire,,,
1559,GBR,United Kingdom,英国,England|Windsor and Maidenhead,英格兰|Windsor and Maidenhead,,,
1560,GBR,United Kingdom,英国,England|Wirral,英格兰|Wirral,,,
1561,GBR,United Kingdom,英国,England|Wokingham,英格兰|Wokingham,,,
1562,GBR,United Kingdom,英国,England|Wolverhampton,英格兰|Wolverhampton,,,
1563,GBR,United Kingdom,英国,England|Worcestershire,英格兰|Worcestershire,,,
1564,GBR,United Kingdom,英国,England|York,英格兰|York,,,
1565,GBR,United Kingdom,英国,England|Cornwall and Isles of Scilly,英格兰|Cornwall and Isles of Scilly,,,
1566,GBR,United Kingdom,英国,England|Bournemouth, Christchurch and Poole,, Christchurch and Poole,英格兰|Bournemouth
1567,GBR,United Kingdom,英国,Scotland,苏格兰,,,
1568,GBR,United Kingdom,英国,Scotland|Ayrshire and Arran,苏格兰|Ayrshire and Arran,,,
1569,GBR,United Kingdom,英国,Scotland|Borders,苏格兰|Borders,,,
1570,GBR,United Kingdom,英国,Scotland|Dumfries and Galloway,苏格兰|Dumfries and Galloway,,,
1571,GBR,United Kingdom,英国,Scotland|Fife,苏格兰|Fife,,,
1572,GBR,United Kingdom,英国,Scotland|Forth Valley,苏格兰|Forth Valley,,,
1573,GBR,United Kingdom,英国,Scotland|Grampian,苏格兰|Grampian,,,
1574,GBR,United Kingdom,英国,Scotland|Greater Glasgow and Clyde,苏格兰|Greater Glasgow and Clyde,,,
1575,GBR,United Kingdom,英国,Scotland|Highland,苏格兰|Highland,,,
1576,GBR,United Kingdom,英国,Scotland|Lanarkshire,苏格兰|Lanarkshire,,,
1577,GBR,United Kingdom,英国,Scotland|Lothian,苏格兰|Lothian,,,
1578,GBR,United Kingdom,英国,Scotland|Orkney,苏格兰|Orkney,,,
1579,GBR,United Kingdom,英国,Scotland|Shetland,苏格兰|Shetland,,,
1580,GBR,United Kingdom,英国,Scotland|Tayside,苏格兰|Tayside,,,
1581,GBR,United Kingdom,英国,Scotland|Western Isles,苏格兰|Western Isles,,,
1582,GBR,United Kingdom,英国,Wales,威尔士,,,
1583,GBR,United Kingdom,英国,Wales|Aneurin Bevan,威尔士|Aneurin Bevan,,,
1584,GBR,United Kingdom,英国,Wales|Cwm Taf,威尔士|Cwm Taf,,,
1585,GBR,United Kingdom,英国,Wales|Cardiff and Vale,威尔士|Cardiff and Vale,,,
1586,GBR,United Kingdom,英国,Wales|Hywel Dda,威尔士|Hywel Dda,,,
1587,GBR,United Kingdom,英国,Wales|Betsi Cadwaladr,威尔士|Betsi Cadwaladr,,,
1588,GBR,United Kingdom,英国,Wales|Swansea Bay,威尔士|Swansea Bay,,,
1589,GBR,United Kingdom,英国,Wales|Powys,威尔士|Powys,,,
1590,GBR,United Kingdom,英国,Northern Ireland,北爱尔兰,,,
1591,GBR,United Kingdom,英国,Northern Ireland|Antrim and Newtownabbey,北爱尔兰|Antrim and Newtownabbey,,,
1592,GBR,United Kingdom,英国,Northern Ireland|Armagh, Banbridge and Craigavon,, Banbridge and Craigavon,北爱尔兰|Armagh
1593,GBR,United Kingdom,英国,Northern Ireland|Belfast,北爱尔兰|Belfast,,,
1594,GBR,United Kingdom,英国,Northern Ireland|Causeway Coast and Glens,北爱尔兰|Causeway Coast and Glens,,,
1595,GBR,United Kingdom,英国,Northern Ireland|Derry and Strabane,北爱尔兰|Derry and Strabane,,,
1596,GBR,United Kingdom,英国,Northern Ireland|Fermanagh and Omagh,北爱尔兰|Fermanagh and Omagh,,,
1597,GBR,United Kingdom,英国,Northern Ireland|Lisburn and Castlereagh,北爱尔兰|Lisburn and Castlereagh,,,
1598,GBR,United Kingdom,英国,Northern Ireland|Mid and East Antrim,北爱尔兰|Mid and East Antrim,,,
1599,GBR,United Kingdom,英国,Northern Ireland|Mid Ulster,北爱尔兰|Mid Ulster,,,
1600,GBR,United Kingdom,英国,Northern Ireland|Newry, Mourne and Down,, Mourne and Down,北爱尔兰|Newry
1601,GBR,United Kingdom,英国,Northern Ireland|North Down and Ards,北爱尔兰|North Down and Ards,,,
1602,,United Kingdom,英国,Overseas Territories,海外领土,,,
1603,,United Kingdom,英国,Overseas Territories|Bermuda,海外领土|百慕大,,,
1604,,United Kingdom,英国,Overseas Territories|Cayman Islands,海外领土|开曼群岛,,,
1605,,United Kingdom,英国,Overseas Territories|Gibraltar,海外领土|直布罗陀,,,
1606,,United Kingdom,英国,Overseas Territories|Montserrat,海外领土|蒙特塞拉特,,,
1607,,United Kingdom,英国,Overseas Territories|Anguilla,海外领土|安圭拉,,,
1608,,United Kingdom,英国,Overseas Territories|British Virgin Islands,海外领土|英属维尔京群岛,,,
1609,,United Kingdom,英国,Overseas Territories|Turks and Caicos Islands,海外领土|特克斯和凯科斯群岛,,,
1610,,United Kingdom,英国,Overseas Territories|Falkland Islands (Malvinas),海外领土|Falkland Islands (Malvinas),,,
1611,,United Kingdom,英国,Crown Dependencies,皇家属地,,,
1612,,United Kingdom,英国,Crown Dependencies|Channel Islands,皇家属地|海峡群岛,,,
1613,,United Kingdom,英国,Crown Dependencies|Isle of Man,皇家属地|马恩岛,,,
1614,USA,United States of America,美国,Alabama,阿拉巴马州,State,,US.AL
1615,USA,United States of America,美国,Alaska,阿拉斯加州,State,,US.AK
1616,USA,United States of America,美国,Arizona,亚利桑那州,State,,US.AZ
1617,USA,United States of America,美国,Arkansas,阿肯色州,State,,US.AR
1618,USA,United States of America,美国,California,加州,State,,US.CA
1619,USA,United States of America,美国,Colorado,科罗拉多州,State,,US.CO
1620,USA,United States of America,美国,Connecticut,康涅狄格州,State,,US.CT
1622,USA,United States of America,美国,Delaware,特拉华州,State,,US.DE
1621,USA,United States of America,美国,District of Columbia,华盛顿特区,Federal District,,US.DC
1623,USA,United States of America,美国,Florida,佛罗里达州,State,,US.FL
1624,USA,United States of America,美国,Georgia,佐治亚州,State,,US.GA
1625,USA,United States of America,美国,Hawaii,夏威夷州,State,,US.HI
1626,USA,United States of America,美国,Idaho,爱达荷州,State,,US.ID
1627,USA,United States of America,美国,Illinois,伊利诺伊州,State,,US.IL
1628,USA,United States of America,美国,Indiana,印第安纳州,State,,US.IN
1629,USA,United States of America,美国,Iowa,爱荷华州,State,,US.IA
1630,USA,United States of America,美国,Kansas,堪萨斯州,State,,US.KS
1631,USA,United States of America,美国,Kentucky,肯塔基州,State,,US.KY
1632,USA,United States of America,美国,Louisiana,路易斯安那州,State,,US.LA
1633,USA,United States of America,美国,Maine,缅因州,State,,US.ME
1634,USA,United States of America,美国,Maryland,马里兰州,State,,US.MD
1635,USA,United States of America,美国,Massachusetts,马萨诸塞州,State,,US.MA
1636,USA,United States of America,美国,Michigan,密歇根州,State,,US.MI
1637,USA,United States of America,美国,Minnesota,明尼苏达州,State,,US.MN
1638,USA,United States of America,美国,Mississippi,密西西比州,State,,US.MS
1639,USA,United States of America,美国,Missouri,密苏里州,State,,US.MO
1640,USA,United States of America,美国,Montana,蒙大拿州,State,,US.MT
1641,USA,United States of America,美国,Nebraska,内布拉斯加州,State,,US.NE
1642,USA,United States of America,美国,Nevada,内华达州,State,,US.NV
1643,USA,United States of America,美国,New Hampshire,新罕布什尔州,State,,US.NH
1644,USA,United States of America,美国,New Jersey,新泽西州,State,,US.NJ
1645,USA,United States of America,美国,New Mexico,新墨西哥州,State,,US.NM
1646,USA,United States of America,美国,New York,纽约州,State,,US.NY
1647,USA,United States of America,美国,North Carolina,北卡罗来纳州,State,,US.NC
1648,USA,United States of America,美国,North Dakota,北达科他州,State,,US.ND
1649,USA,United States of America,美国,Ohio,俄亥俄州,State,,US.OH
1650,USA,United States of America,美国,Oklahoma,俄克拉荷马州,State,,US.OK
1651,USA,United States of America,美国,Oregon,俄勒冈州,State,,US.OR
1652,USA,United States of America,美国,Pennsylvania,宾夕法尼亚州,State,,US.PA
1653,USA,United States of America,美国,Rhode Island,罗德岛州,State,,US.RI
1654,USA,United States of America,美国,South Carolina,南卡罗来纳州,State,,US.SC
1655,USA,United States of America,美国,South Dakota,南达科他州,State,,US.SD
1656,USA,United States of America,美国,Tennessee,田纳西州,State,,US.TN
1657,USA,United States of America,美国,Texas,德州,State,,US.TX
1658,USA,United States of America,美国,Utah,犹他州,State,,US.UT
1659,USA,United States of America,美国,Vermont,佛蒙特州,State,,US.VT
1660,USA,United States of America,美国,Virginia,弗吉尼亚州,State,,US.VA
1661,USA,United States of America,美国,Washington,华盛顿州,State,,US.WA
1662,USA,United States of America,美国,West Virginia,西弗吉尼亚州,State,,US.WV
1663,USA,United States of America,美国,Wisconsin,威斯康辛州,State,,US.WI
1664,USA,United States of America,美国,Wyoming,怀俄明州,State,,US.WY
,HRV,Croatia,克罗地亚,Bjelovarsko-Bilogorska,别洛瓦尔-比洛戈拉县,,,HR.BB
,HRV,Croatia,克罗地亚,Brodsko-Posavska,布罗德-波萨维纳县,,,HR.SP
,HRV,Croatia,克罗地亚,Dubrovačko-Neretvanska,杜布罗夫尼克-内雷特瓦县,,,HR.DN
,HRV,Croatia,克罗地亚,Grad Zagreb,萨格勒布市,,,HR.GZ
,HRV,Croatia,克罗地亚,Istarska,伊斯特拉县,,,HR.IS
,HRV,Croatia,克罗地亚,Karlovačka,卡尔洛瓦茨县,,,HR.KA
,HRV,Croatia,克罗地亚,Koprivničko-Križevačka,科普里夫尼察-克里热夫齐县,,,HR.KK
,HRV,Croatia,克罗地亚,Krapinsko-Zagorska,克拉皮纳-扎戈列县,,,HR.KZ
,HRV,Croatia,克罗地亚,Ličko-Senjska,利卡-塞尼县,,,HR.LS
,HRV,Croatia,克罗地亚,Međimurska,梅吉穆列县,,,HR.ME
,HRV,Croatia,克罗地亚,Osječko-Baranjska,奥西耶克-巴拉尼亚县,,,HR.OB
,HRV,Croatia,克罗地亚,Požeško-Slavonska,波热加-斯拉沃尼亚县,,,HR.PS
,HRV,Croatia,克罗地亚,Primorsko-Goranska,滨海和山区县,,,HR.PG
,HRV,Croatia,克罗地亚,Šibensko-Kninska,希贝尼克-克宁县,,,HR.SB
,HRV,Croatia,克罗地亚,Sisačko-Moslavačka,锡萨克-莫斯拉维纳县,,,HR.SM
,HRV,Croatia,克罗地亚,Splitsko-Dalmatinska,斯普利特-达尔马提亚县,,,HR.SD
,HRV,Croatia,克罗地亚,Varaždinska,瓦拉日丁县,,,HR.VA
,HRV,Croatia,克罗地亚,Virovitičko-Podravska,维罗维蒂察-波德拉维纳县,,,HR.VP
,HRV,Croatia,克罗地亚,Vukovarsko-Srijemska,武科瓦尔-斯里耶姆县,,,HR.VS
,HRV,Croatia,克罗地亚,Zadarska,扎达尔县,,,HR.ZD
,HRV,Croatia,克罗地亚,Zagrebačka,萨格勒布县,,,HR.ZG